Timestamp,Location,Latitude,Longitude,Speed,Volume,Density,Weather,Temperature,RoadType
2024-01-01 00:00:00,Loc_1,-8.329659183368316,114.41605654684933,64.75534139774607,79,10.031723484322885,Clear,28.763903264294548,Arterial
2024-01-01 00:15:00,Loc_1,-8.329659183368316,114.41605654684933,33.339150260600285,53,23.53530433165956,Cloudy,30.463662003662208,Local
2024-01-01 00:30:00,Loc_1,-8.329659183368316,114.41605654684933,55.74264433489057,37,11.263438773413124,Cloudy,32.34844904117873,Local
2024-01-01 00:45:00,Loc_1,-8.329659183368316,114.41605654684933,78.6781621782489,15,34.578147446605506,Rainy,23.07483161004194,Local
2024-01-01 01:00:00,Loc_1,-8.329659183368316,114.41605654684933,59.15967140015577,83,28.649736082887117,Clear,28.63796243349446,Collector
2024-01-01 01:15:00,Loc_1,-8.329659183368316,114.41605654684933,49.276406746887865,74,31.034896708729583,Clear,27.918111922941286,Local
2024-01-01 01:30:00,Loc_1,-8.329659183368316,114.41605654684933,23.893706913381635,30,38.26194975962146,Clear,28.532820333562974,Arterial
2024-01-01 01:45:00,Loc_1,-8.329659183368316,114.41605654684933,73.91138342731364,35,48.927575112530796,Clear,32.62565618202022,Arterial
2024-01-01 02:00:00,Loc_1,-8.329659183368316,114.41605654684933,28.042500405844695,19,20.658720630075578,Clear,24.547220650469328,Arterial
2024-01-01 02:15:00,Loc_1,-8.329659183368316,114.41605654684933,22.649857989371604,89,31.53782888571696,Rainy,27.07111347010687,Collector
2024-01-01 02:30:00,Loc_1,-8.329659183368316,114.41605654684933,29.18927479936314,61,39.74957513236373,Rainy,27.852425660019804,Collector
2024-01-01 02:45:00,Loc_1,-8.329659183368316,114.41605654684933,66.5458424057176,36,27.17209680477559,Clear,28.56718155040737,Collector
2024-01-01 03:00:00,Loc_1,-8.329659183368316,114.41605654684933,44.953787966285816,10,13.843723371601605,Cloudy,32.94848966964365,Collector
2024-01-01 03:15:00,Loc_1,-8.329659183368316,114.41605654684933,73.35414120465578,75,26.476193352624694,Cloudy,26.63210669570517,Local
2024-01-01 03:30:00,Loc_1,-8.329659183368316,114.41605654684933,70.62146725488606,95,25.349486082853673,Rainy,34.24614348595578,Arterial
2024-01-01 03:45:00,Loc_1,-8.329659183368316,114.41605654684933,46.687911493266725,75,45.58514317022763,Clear,32.524836286776676,Arterial
2024-01-01 04:00:00,Loc_1,-8.329659183368316,114.41605654684933,59.2186437090525,32,23.080135784338758,Cloudy,21.499836923285695,Local
2024-01-01 04:15:00,Loc_1,-8.329659183368316,114.41605654684933,78.93375740485337,75,43.19522761525131,Clear,21.948948002973914,Collector
2024-01-01 04:30:00,Loc_1,-8.329659183368316,114.41605654684933,59.85476504541608,24,26.11902182287872,Rainy,34.96626682441797,Arterial
2024-01-01 04:45:00,Loc_1,-8.329659183368316,114.41605654684933,38.833407370114756,46,21.88430401187556,Clear,22.571516199382764,Local
2024-01-01 05:00:00,Loc_1,-8.329659183368316,114.41605654684933,70.96619886706576,16,42.87996544910094,Rainy,30.290777393565634,Collector
2024-01-01 05:15:00,Loc_1,-8.329659183368316,114.41605654684933,35.70178637449932,19,20.101574974352424,Rainy,24.36751191267897,Arterial
2024-01-01 05:30:00,Loc_1,-8.329659183368316,114.41605654684933,41.47715321717044,93,21.729487559817105,Clear,30.644772304892122,Local
2024-01-01 05:45:00,Loc_1,-8.329659183368316,114.41605654684933,70.76460242594825,76,32.96356919493529,Rainy,27.712079684568938,Arterial
2024-01-01 06:00:00,Loc_1,-8.329659183368316,114.41605654684933,31.4547034000321,81,21.923236047888643,Cloudy,26.4873259739262,Arterial
2024-01-01 06:15:00,Loc_1,-8.329659183368316,114.41605654684933,69.29631589360426,18,10.204892405414526,Rainy,21.457660795493513,Arterial
2024-01-01 06:30:00,Loc_1,-8.329659183368316,114.41605654684933,78.30855539729723,64,22.37748005690222,Cloudy,34.6447977169231,Local
2024-01-01 06:45:00,Loc_1,-8.329659183368316,114.41605654684933,47.908036521553065,64,39.462426436006425,Clear,26.445153936851987,Local
2024-01-01 07:00:00,Loc_1,-8.329659183368316,114.41605654684933,24.414546418227225,61,45.41814358664895,Rainy,26.87575688682268,Local
2024-01-01 07:15:00,Loc_1,-8.329659183368316,114.41605654684933,59.03501552953863,74,49.08694693963355,Cloudy,29.45285216936461,Collector
2024-01-01 07:30:00,Loc_1,-8.329659183368316,114.41605654684933,65.20231701280116,83,31.561281621792453,Cloudy,31.665852836037494,Local
2024-01-01 07:45:00,Loc_1,-8.329659183368316,114.41605654684933,65.81173436530585,96,11.288942646638652,Cloudy,34.17115809967556,Collector
2024-01-01 08:00:00,Loc_1,-8.329659183368316,114.41605654684933,55.77673215078825,37,14.795369275567069,Clear,30.138016184808293,Arterial
2024-01-01 08:15:00,Loc_1,-8.329659183368316,114.41605654684933,42.40336900313231,43,44.44701224804467,Clear,29.718394720008156,Collector
2024-01-01 08:30:00,Loc_1,-8.329659183368316,114.41605654684933,74.02655561012206,55,41.46635598080836,Cloudy,23.97091358481956,Local
2024-01-01 08:45:00,Loc_1,-8.329659183368316,114.41605654684933,28.38469527170445,12,41.22416472906687,Rainy,33.833896040599775,Arterial
2024-01-01 09:00:00,Loc_1,-8.329659183368316,114.41605654684933,56.094643991644304,67,43.80650956423383,Rainy,21.273104441197617,Local
2024-01-01 09:15:00,Loc_1,-8.329659183368316,114.41605654684933,33.043231459271695,42,18.5483588352308,Clear,34.239954622892654,Collector
2024-01-01 09:30:00,Loc_1,-8.329659183368316,114.41605654684933,56.128920255605614,11,20.317410140427462,Rainy,31.273028758318446,Local
2024-01-01 09:45:00,Loc_1,-8.329659183368316,114.41605654684933,31.636264698691196,21,38.28235693542972,Clear,28.061254838829402,Arterial
2024-01-01 10:00:00,Loc_1,-8.329659183368316,114.41605654684933,67.08472290359387,21,36.03722303811642,Cloudy,32.16928134403675,Collector
2024-01-01 10:15:00,Loc_1,-8.329659183368316,114.41605654684933,51.23498680496814,56,16.17914581175556,Rainy,27.633600006617087,Collector
2024-01-01 10:30:00,Loc_1,-8.329659183368316,114.41605654684933,66.91350442294743,99,31.68266604253902,Cloudy,25.260009109400006,Arterial
2024-01-01 10:45:00,Loc_1,-8.329659183368316,114.41605654684933,41.643620777944165,79,40.963404399982664,Clear,28.13325600312018,Arterial
2024-01-01 11:00:00,Loc_1,-8.329659183368316,114.41605654684933,49.2291574605579,64,34.59140748521578,Cloudy,32.509172100262234,Arterial
2024-01-01 11:15:00,Loc_1,-8.329659183368316,114.41605654684933,61.68760418642739,34,43.40677308305747,Rainy,32.03269664664928,Arterial
2024-01-01 11:30:00,Loc_1,-8.329659183368316,114.41605654684933,35.79692580077456,69,30.462971292827447,Clear,32.4612103266155,Arterial
2024-01-01 11:45:00,Loc_1,-8.329659183368316,114.41605654684933,52.75341201032198,38,18.33217433709407,Clear,20.624531152514383,Collector
2024-01-01 12:00:00,Loc_1,-8.329659183368316,114.41605654684933,78.32703644818213,91,19.992974029290362,Cloudy,28.87315587816179,Collector
2024-01-01 12:15:00,Loc_1,-8.329659183368316,114.41605654684933,60.08741488883372,93,35.21706261576023,Cloudy,30.91511014743491,Local
2024-01-01 12:30:00,Loc_1,-8.329659183368316,114.41605654684933,62.40768424831929,79,37.67603202224657,Clear,33.057592369490365,Collector
2024-01-01 12:45:00,Loc_1,-8.329659183368316,114.41605654684933,47.08597090996699,72,16.45557369157129,Clear,32.30658603069274,Collector
2024-01-01 13:00:00,Loc_1,-8.329659183368316,114.41605654684933,61.01458877110889,94,19.17523422980978,Clear,33.88193417968641,Collector
2024-01-01 13:15:00,Loc_1,-8.329659183368316,114.41605654684933,79.75910580819026,27,18.175845388369098,Rainy,23.761012098719547,Local
2024-01-01 13:30:00,Loc_1,-8.329659183368316,114.41605654684933,72.87891553131425,53,40.81470012967564,Clear,25.93946133995299,Local
2024-01-01 13:45:00,Loc_1,-8.329659183368316,114.41605654684933,26.03331400136463,11,18.459380581418785,Cloudy,33.79162330425234,Arterial
2024-01-01 14:00:00,Loc_1,-8.329659183368316,114.41605654684933,30.711094036226132,97,29.713742772880032,Cloudy,26.70791620567138,Collector
2024-01-01 14:15:00,Loc_1,-8.329659183368316,114.41605654684933,59.25383121167981,42,10.390258135626382,Clear,34.93551601974896,Collector
2024-01-01 14:30:00,Loc_1,-8.329659183368316,114.41605654684933,47.65802698029968,11,38.54113039052051,Cloudy,33.74294760263455,Collector
2024-01-01 14:45:00,Loc_1,-8.329659183368316,114.41605654684933,73.83982980731543,72,12.975912675190742,Clear,30.08994225569417,Arterial
2024-01-01 15:00:00,Loc_1,-8.329659183368316,114.41605654684933,35.401962551388735,78,31.72372335641343,Cloudy,22.06892116818348,Collector
2024-01-01 15:15:00,Loc_1,-8.329659183368316,114.41605654684933,52.21880953213774,41,35.80676534822346,Cloudy,34.01291967446613,Collector
2024-01-01 15:30:00,Loc_1,-8.329659183368316,114.41605654684933,57.69622129268792,58,27.731157838117838,Rainy,25.416560551635143,Collector
2024-01-01 15:45:00,Loc_1,-8.329659183368316,114.41605654684933,42.09351264311302,73,25.38107131755607,Rainy,20.822440891232144,Arterial
2024-01-01 16:00:00,Loc_1,-8.329659183368316,114.41605654684933,56.66091273568017,55,42.0878494555965,Cloudy,31.277067104337405,Local
2024-01-01 16:15:00,Loc_1,-8.329659183368316,114.41605654684933,53.53958777011232,43,12.151853849737027,Cloudy,26.703756615656808,Local
2024-01-01 16:30:00,Loc_1,-8.329659183368316,114.41605654684933,63.76954062811974,72,41.43293291592304,Rainy,34.9383994452595,Local
2024-01-01 16:45:00,Loc_1,-8.329659183368316,114.41605654684933,74.1021246883381,89,40.32288620657579,Cloudy,20.510563723654478,Arterial
2024-01-01 17:00:00,Loc_1,-8.329659183368316,114.41605654684933,37.218448139820566,14,42.135814836446706,Rainy,32.09205556997133,Arterial
2024-01-01 17:15:00,Loc_1,-8.329659183368316,114.41605654684933,72.95987792194813,63,25.43484111801665,Rainy,26.077125393225373,Collector
2024-01-01 17:30:00,Loc_1,-8.329659183368316,114.41605654684933,40.95847873260668,35,30.348093854462768,Rainy,30.393513789075172,Local
2024-01-01 17:45:00,Loc_1,-8.329659183368316,114.41605654684933,60.50517094651909,68,27.040814003902902,Clear,29.431106490843156,Local
2024-01-01 18:00:00,Loc_1,-8.329659183368316,114.41605654684933,28.89064493867021,34,43.130095745790896,Rainy,33.36691209337437,Arterial
2024-01-01 18:15:00,Loc_1,-8.329659183368316,114.41605654684933,46.951611677805275,88,46.810988383249025,Rainy,34.73954125193352,Local
2024-01-01 18:30:00,Loc_1,-8.329659183368316,114.41605654684933,42.154378622628535,60,14.127908753855838,Cloudy,31.49766112143294,Collector
2024-01-01 18:45:00,Loc_1,-8.329659183368316,114.41605654684933,43.89638183263094,76,10.412170796279527,Cloudy,33.91371693812919,Collector
2024-01-01 19:00:00,Loc_1,-8.329659183368316,114.41605654684933,20.020119630143682,98,48.53763907279189,Rainy,20.287528162834843,Collector
2024-01-01 19:15:00,Loc_1,-8.329659183368316,114.41605654684933,23.508794423117255,95,46.95861890787954,Clear,28.981533323371906,Collector
2024-01-01 19:30:00,Loc_1,-8.329659183368316,114.41605654684933,58.53788938338044,17,47.5173881198219,Rainy,27.27707863838654,Collector
2024-01-01 19:45:00,Loc_1,-8.329659183368316,114.41605654684933,68.20742873630988,46,45.71637701263991,Clear,33.61525592408471,Collector
2024-01-01 20:00:00,Loc_1,-8.329659183368316,114.41605654684933,28.617729877285775,30,32.23616562474413,Rainy,21.630425711800108,Arterial
2024-01-01 20:15:00,Loc_1,-8.329659183368316,114.41605654684933,29.2152992619569,10,26.615287619789783,Rainy,24.77007712972389,Arterial
2024-01-01 20:30:00,Loc_1,-8.329659183368316,114.41605654684933,48.497473568345626,17,23.39070938687673,Rainy,33.455679465128284,Arterial
2024-01-01 20:45:00,Loc_1,-8.329659183368316,114.41605654684933,27.055232750378327,46,16.606802843857853,Cloudy,34.76773993655053,Arterial
2024-01-01 21:00:00,Loc_1,-8.329659183368316,114.41605654684933,73.25118053159565,50,46.347701757969375,Cloudy,28.18932729336916,Local
2024-01-01 21:15:00,Loc_1,-8.329659183368316,114.41605654684933,49.871083381540416,37,20.11524086758277,Cloudy,22.632890021860288,Arterial
2024-01-01 21:30:00,Loc_1,-8.329659183368316,114.41605654684933,61.244151595267176,78,45.025039715519696,Rainy,23.914762594255713,Collector
2024-01-01 21:45:00,Loc_1,-8.329659183368316,114.41605654684933,58.3398140198987,34,32.84618610750894,Rainy,30.464313804503405,Collector
2024-01-01 22:00:00,Loc_1,-8.329659183368316,114.41605654684933,72.51013556805934,39,41.75435012305957,Cloudy,33.14726250727926,Arterial
2024-01-01 22:15:00,Loc_1,-8.329659183368316,114.41605654684933,63.33245835546873,30,33.4593456473987,Cloudy,28.428695558222774,Collector
2024-01-01 22:30:00,Loc_1,-8.329659183368316,114.41605654684933,43.189769350183795,16,49.954939269450016,Rainy,28.893690944839562,Collector
2024-01-01 22:45:00,Loc_1,-8.329659183368316,114.41605654684933,58.817639093630575,51,33.10019366200806,Rainy,31.25034093758193,Arterial
2024-01-01 23:00:00,Loc_1,-8.329659183368316,114.41605654684933,66.3321450278883,44,26.975684779440726,Cloudy,34.7528237565906,Collector
2024-01-01 23:15:00,Loc_1,-8.329659183368316,114.41605654684933,38.829253157199105,84,12.004004584505058,Rainy,20.355605354248702,Collector
2024-01-01 23:30:00,Loc_1,-8.329659183368316,114.41605654684933,21.74204697912316,42,23.49659605938225,Clear,31.716896488769116,Collector
2024-01-01 23:45:00,Loc_1,-8.329659183368316,114.41605654684933,69.90330710392544,86,12.909996406896674,Rainy,28.665308904261437,Local
2024-01-02 00:00:00,Loc_1,-8.329659183368316,114.41605654684933,43.46536709162076,65,49.831485587449805,Cloudy,28.68355128985385,Arterial
2024-01-02 00:15:00,Loc_1,-8.329659183368316,114.41605654684933,62.71238262673977,88,26.711409986205542,Cloudy,22.590284031341476,Local
2024-01-02 00:30:00,Loc_1,-8.329659183368316,114.41605654684933,76.05540092886434,74,15.964452896040484,Cloudy,29.12665588515459,Local
2024-01-02 00:45:00,Loc_1,-8.329659183368316,114.41605654684933,50.764321042239345,24,31.674379951287463,Clear,32.956399256100894,Collector
2024-01-01 00:00:00,Loc_2,-8.464443521518628,114.49364806218591,73.59587864781486,60,25.967125172544435,Clear,23.620801340785334,Collector
2024-01-01 00:15:00,Loc_2,-8.464443521518628,114.49364806218591,52.41994793344755,22,42.08172115728381,Cloudy,27.283303133993805,Arterial
2024-01-01 00:30:00,Loc_2,-8.464443521518628,114.49364806218591,63.58441211230236,76,24.61233984452526,Rainy,25.764327866612604,Local
2024-01-01 00:45:00,Loc_2,-8.464443521518628,114.49364806218591,28.136965020463578,63,28.594029276994135,Cloudy,27.759815055541566,Collector
2024-01-01 01:00:00,Loc_2,-8.464443521518628,114.49364806218591,44.47351252917809,32,39.27131942222334,Cloudy,27.00658282311891,Collector
2024-01-01 01:15:00,Loc_2,-8.464443521518628,114.49364806218591,40.921847322462376,21,49.86294180577425,Clear,29.04961178449429,Local
2024-01-01 01:30:00,Loc_2,-8.464443521518628,114.49364806218591,31.625275568804206,85,40.255195518785825,Rainy,29.335851654796436,Arterial
2024-01-01 01:45:00,Loc_2,-8.464443521518628,114.49364806218591,72.49066253427121,89,49.29421441571788,Clear,33.71435426246407,Local
2024-01-01 02:00:00,Loc_2,-8.464443521518628,114.49364806218591,46.86726237593828,10,16.120052618888394,Rainy,26.994500012742,Collector
2024-01-01 02:15:00,Loc_2,-8.464443521518628,114.49364806218591,65.51842046776736,50,17.09240922382122,Rainy,34.377475577665415,Local
2024-01-01 02:30:00,Loc_2,-8.464443521518628,114.49364806218591,53.52068182187359,43,30.297460073473236,Clear,22.808849281490758,Collector
2024-01-01 02:45:00,Loc_2,-8.464443521518628,114.49364806218591,54.649050548658316,89,38.44309845870456,Rainy,31.130012422802956,Local
2024-01-01 03:00:00,Loc_2,-8.464443521518628,114.49364806218591,21.15878373503832,74,32.283570298752714,Clear,25.8581137183223,Collector
2024-01-01 03:15:00,Loc_2,-8.464443521518628,114.49364806218591,55.63343384267707,42,29.307002627367304,Cloudy,22.101195522587002,Collector
2024-01-01 03:30:00,Loc_2,-8.464443521518628,114.49364806218591,77.09820596781285,98,44.37229422053112,Clear,34.96409721522102,Collector
2024-01-01 03:45:00,Loc_2,-8.464443521518628,114.49364806218591,58.39859584857602,33,18.94344378323765,Rainy,31.51801438927636,Arterial
2024-01-01 04:00:00,Loc_2,-8.464443521518628,114.49364806218591,40.761757654434675,13,29.8060485854106,Clear,29.915875273559354,Local
2024-01-01 04:15:00,Loc_2,-8.464443521518628,114.49364806218591,53.25843844906727,42,37.548143930173204,Cloudy,21.143954544883943,Collector
2024-01-01 04:30:00,Loc_2,-8.464443521518628,114.49364806218591,34.219138354728315,64,24.760525679897857,Rainy,28.360769499251013,Arterial
2024-01-01 04:45:00,Loc_2,-8.464443521518628,114.49364806218591,24.061271060386122,56,42.775280281545115,Cloudy,27.344187564429937,Collector
2024-01-01 05:00:00,Loc_2,-8.464443521518628,114.49364806218591,52.34724125366319,74,43.03085120369205,Rainy,33.02348679257139,Collector
2024-01-01 05:15:00,Loc_2,-8.464443521518628,114.49364806218591,60.97162158059006,71,37.72533887085979,Clear,28.79538891917313,Arterial
2024-01-01 05:30:00,Loc_2,-8.464443521518628,114.49364806218591,41.253522708556716,56,32.751883676270914,Clear,28.06664701943218,Local
2024-01-01 05:45:00,Loc_2,-8.464443521518628,114.49364806218591,62.13535862695135,76,34.932025602069224,Rainy,34.74870730917198,Arterial
2024-01-01 06:00:00,Loc_2,-8.464443521518628,114.49364806218591,77.56286512759294,66,20.83981592498613,Cloudy,31.25359531794243,Local
2024-01-01 06:15:00,Loc_2,-8.464443521518628,114.49364806218591,41.34681396937523,92,31.524357242576954,Clear,23.36303525604118,Collector
2024-01-01 06:30:00,Loc_2,-8.464443521518628,114.49364806218591,46.42353484917796,68,26.97506336441083,Cloudy,29.310344413080358,Arterial
2024-01-01 06:45:00,Loc_2,-8.464443521518628,114.49364806218591,36.12922437854607,84,32.013681970346056,Clear,23.505149073107702,Local
2024-01-01 07:00:00,Loc_2,-8.464443521518628,114.49364806218591,45.08103815504485,18,19.123991005056045,Cloudy,33.329319494139966,Local
2024-01-01 07:15:00,Loc_2,-8.464443521518628,114.49364806218591,28.49082139967614,62,41.60505586890018,Rainy,23.39803441655818,Arterial
2024-01-01 07:30:00,Loc_2,-8.464443521518628,114.49364806218591,77.77979155738092,77,25.455875502691526,Rainy,24.969059229913963,Local
2024-01-01 07:45:00,Loc_2,-8.464443521518628,114.49364806218591,52.044122616871825,90,17.916267650924812,Cloudy,30.935507216848606,Local
2024-01-01 08:00:00,Loc_2,-8.464443521518628,114.49364806218591,56.09174487242089,75,18.379225600255403,Cloudy,23.17798452444079,Collector
2024-01-01 08:15:00,Loc_2,-8.464443521518628,114.49364806218591,72.82091065983772,87,27.495294506059516,Cloudy,29.25390167824379,Local
2024-01-01 08:30:00,Loc_2,-8.464443521518628,114.49364806218591,40.611265768990194,40,46.57066884443455,Cloudy,34.97975032860098,Local
2024-01-01 08:45:00,Loc_2,-8.464443521518628,114.49364806218591,62.769737786622464,92,24.652792424151674,Clear,30.320522194834037,Collector
2024-01-01 09:00:00,Loc_2,-8.464443521518628,114.49364806218591,45.10720344750315,67,43.5247144086382,Clear,32.25785436731579,Local
2024-01-01 09:15:00,Loc_2,-8.464443521518628,114.49364806218591,52.39630260525135,17,17.989339272718876,Clear,30.835968123336073,Arterial
2024-01-01 09:30:00,Loc_2,-8.464443521518628,114.49364806218591,41.6518254324247,75,23.564313266661546,Clear,29.401782423371806,Local
2024-01-01 09:45:00,Loc_2,-8.464443521518628,114.49364806218591,58.73851165470804,79,41.19953168966439,Cloudy,31.086137206523222,Collector
2024-01-01 10:00:00,Loc_2,-8.464443521518628,114.49364806218591,67.69657093103385,37,33.22542929593071,Clear,28.800735724322415,Collector
2024-01-01 10:15:00,Loc_2,-8.464443521518628,114.49364806218591,41.78665723280422,80,10.549494783041409,Cloudy,31.102615645486164,Arterial
2024-01-01 10:30:00,Loc_2,-8.464443521518628,114.49364806218591,43.29439030231273,27,48.437076499918916,Clear,32.394521196913416,Arterial
2024-01-01 10:45:00,Loc_2,-8.464443521518628,114.49364806218591,42.47385972596582,39,46.62003238239329,Rainy,31.256605039787786,Local
2024-01-01 11:00:00,Loc_2,-8.464443521518628,114.49364806218591,64.08707363256948,64,37.203922823782165,Cloudy,29.497825660610804,Collector
2024-01-01 11:15:00,Loc_2,-8.464443521518628,114.49364806218591,48.47766274597498,14,14.08108042482759,Cloudy,31.83957109500135,Local
2024-01-01 11:30:00,Loc_2,-8.464443521518628,114.49364806218591,78.97887400644342,34,45.60772533330256,Rainy,32.79323478058745,Local
2024-01-01 11:45:00,Loc_2,-8.464443521518628,114.49364806218591,77.56855887550392,81,11.139211851010838,Rainy,30.787697751557108,Local
2024-01-01 12:00:00,Loc_2,-8.464443521518628,114.49364806218591,59.02095059138262,21,24.641268110664893,Clear,24.979738700274197,Collector
2024-01-01 12:15:00,Loc_2,-8.464443521518628,114.49364806218591,34.424894155840086,68,37.72857258991306,Rainy,24.265170868745663,Local
2024-01-01 12:30:00,Loc_2,-8.464443521518628,114.49364806218591,52.73666309747675,37,27.7492987931549,Cloudy,26.40590575086663,Arterial
2024-01-01 12:45:00,Loc_2,-8.464443521518628,114.49364806218591,63.12450059787757,19,14.579657399684812,Clear,23.800643795511014,Local
2024-01-01 13:00:00,Loc_2,-8.464443521518628,114.49364806218591,47.636587887185556,93,48.583674709568456,Clear,24.060862209039534,Local
2024-01-01 13:15:00,Loc_2,-8.464443521518628,114.49364806218591,72.53996715558921,84,36.63761681895196,Clear,32.116814616908265,Arterial
2024-01-01 13:30:00,Loc_2,-8.464443521518628,114.49364806218591,35.23031907042704,17,29.1180226755819,Cloudy,28.016628731948835,Arterial
2024-01-01 13:45:00,Loc_2,-8.464443521518628,114.49364806218591,27.858088460288467,78,27.138830062315616,Cloudy,32.430718192254915,Collector
2024-01-01 14:00:00,Loc_2,-8.464443521518628,114.49364806218591,38.693910715614635,44,44.62407192916851,Rainy,21.59031882721527,Local
2024-01-01 14:15:00,Loc_2,-8.464443521518628,114.49364806218591,61.89970927987604,38,27.65865767084103,Clear,29.10398620813911,Collector
2024-01-01 14:30:00,Loc_2,-8.464443521518628,114.49364806218591,47.69483805857278,76,49.113058173411524,Clear,25.679960259069013,Local
2024-01-01 14:45:00,Loc_2,-8.464443521518628,114.49364806218591,41.96529654023671,90,10.116954722094986,Clear,26.95165223668012,Arterial
2024-01-01 15:00:00,Loc_2,-8.464443521518628,114.49364806218591,67.63986456838805,76,40.90315037130714,Cloudy,28.021391430952303,Arterial
2024-01-01 15:15:00,Loc_2,-8.464443521518628,114.49364806218591,52.42501164514321,44,12.94454265172348,Cloudy,26.339212770706013,Local
2024-01-01 15:30:00,Loc_2,-8.464443521518628,114.49364806218591,26.412722119185474,93,33.69144912906509,Rainy,31.86421759750761,Arterial
2024-01-01 15:45:00,Loc_2,-8.464443521518628,114.49364806218591,57.17596614946493,75,35.77999849292815,Clear,31.583254763782506,Arterial
2024-01-01 16:00:00,Loc_2,-8.464443521518628,114.49364806218591,24.032997928018688,84,39.87557346112126,Cloudy,28.698869565110833,Collector
2024-01-01 16:15:00,Loc_2,-8.464443521518628,114.49364806218591,77.49060215555824,59,31.88439607816019,Clear,24.93679834501349,Local
2024-01-01 16:30:00,Loc_2,-8.464443521518628,114.49364806218591,33.514260740230675,28,24.15001583293964,Clear,34.460663373920816,Local
2024-01-01 16:45:00,Loc_2,-8.464443521518628,114.49364806218591,60.19806197987902,71,42.02483458080148,Rainy,34.52431039078232,Local
2024-01-01 17:00:00,Loc_2,-8.464443521518628,114.49364806218591,69.14345160091634,58,18.92378592647333,Cloudy,23.88506577013493,Collector
2024-01-01 17:15:00,Loc_2,-8.464443521518628,114.49364806218591,52.38925782276842,88,37.626792470298156,Cloudy,29.738745004440695,Local
2024-01-01 17:30:00,Loc_2,-8.464443521518628,114.49364806218591,79.7810179121991,71,16.905555232108217,Cloudy,20.95751727995921,Collector
2024-01-01 17:45:00,Loc_2,-8.464443521518628,114.49364806218591,55.648516299490495,92,43.5354931922384,Clear,26.333848400070465,Arterial
2024-01-01 18:00:00,Loc_2,-8.464443521518628,114.49364806218591,50.08046559149513,40,46.64963447466597,Clear,34.94176810884223,Arterial
2024-01-01 18:15:00,Loc_2,-8.464443521518628,114.49364806218591,49.38723768511086,96,39.01870256978506,Clear,31.742840586833516,Collector
2024-01-01 18:30:00,Loc_2,-8.464443521518628,114.49364806218591,68.55077016243871,15,33.91980964047515,Rainy,24.93283748231782,Arterial
2024-01-01 18:45:00,Loc_2,-8.464443521518628,114.49364806218591,48.21830214709997,62,49.06682761083133,Clear,31.646157943419546,Local
2024-01-01 19:00:00,Loc_2,-8.464443521518628,114.49364806218591,69.59690294823022,31,16.030581659928895,Clear,31.625665344690308,Local
2024-01-01 19:15:00,Loc_2,-8.464443521518628,114.49364806218591,34.987807596603574,14,16.543979737530783,Rainy,25.951764574263557,Local
2024-01-01 19:30:00,Loc_2,-8.464443521518628,114.49364806218591,45.571127441388704,34,36.144473788193245,Rainy,34.84663927500855,Local
2024-01-01 19:45:00,Loc_2,-8.464443521518628,114.49364806218591,32.31824907762915,40,47.98503988292469,Rainy,24.618199158140907,Arterial
2024-01-01 20:00:00,Loc_2,-8.464443521518628,114.49364806218591,29.059113922280865,13,40.04866457957574,Cloudy,33.60612690689649,Arterial
2024-01-01 20:15:00,Loc_2,-8.464443521518628,114.49364806218591,76.29373872183929,88,15.601378154751693,Clear,25.65585842002111,Arterial
2024-01-01 20:30:00,Loc_2,-8.464443521518628,114.49364806218591,48.31826335090852,20,22.47404082365414,Rainy,26.765650112081993,Local
2024-01-01 20:45:00,Loc_2,-8.464443521518628,114.49364806218591,71.64625576756067,90,11.697751742275146,Cloudy,31.59241654053958,Local
2024-01-01 21:00:00,Loc_2,-8.464443521518628,114.49364806218591,62.84416746651685,74,28.722020561749822,Cloudy,31.845634257535128,Collector
2024-01-01 21:15:00,Loc_2,-8.464443521518628,114.49364806218591,44.550273331553804,15,40.67081149855677,Cloudy,29.937172862618414,Collector
2024-01-01 21:30:00,Loc_2,-8.464443521518628,114.49364806218591,63.43695077404759,75,42.63016425541839,Clear,34.30550901881111,Local
2024-01-01 21:45:00,Loc_2,-8.464443521518628,114.49364806218591,29.758435989036972,27,12.296538662598287,Clear,24.211643952028744,Collector
2024-01-01 22:00:00,Loc_2,-8.464443521518628,114.49364806218591,45.52122533369008,16,18.237915017793163,Rainy,23.663453062363935,Collector
2024-01-01 22:15:00,Loc_2,-8.464443521518628,114.49364806218591,53.194530703152154,67,40.73493962296019,Clear,24.729545082536568,Arterial
2024-01-01 22:30:00,Loc_2,-8.464443521518628,114.49364806218591,63.88714613460975,32,29.061711766653996,Rainy,24.69408137769041,Collector
2024-01-01 22:45:00,Loc_2,-8.464443521518628,114.49364806218591,23.335758731437572,77,26.154254967972463,Clear,33.98956550008762,Local
2024-01-01 23:00:00,Loc_2,-8.464443521518628,114.49364806218591,40.11653575734571,60,35.12753606347347,Clear,25.940814354087713,Local
2024-01-01 23:15:00,Loc_2,-8.464443521518628,114.49364806218591,21.509185795556647,30,38.27816681071013,Clear,25.001077449562256,Local
2024-01-01 23:30:00,Loc_2,-8.464443521518628,114.49364806218591,77.53314172997446,59,42.6709278874895,Rainy,26.68713330323584,Arterial
2024-01-01 23:45:00,Loc_2,-8.464443521518628,114.49364806218591,79.92072334565266,47,42.32285519217245,Cloudy,23.925493082451208,Collector
2024-01-02 00:00:00,Loc_2,-8.464443521518628,114.49364806218591,64.34764939146577,90,39.188003784238035,Rainy,29.223980337090566,Local
2024-01-02 00:15:00,Loc_2,-8.464443521518628,114.49364806218591,67.61764440537776,87,26.009865819987567,Rainy,23.979104258053454,Arterial
2024-01-02 00:30:00,Loc_2,-8.464443521518628,114.49364806218591,51.09652422494053,35,26.707715732548355,Clear,22.995262379517307,Collector
2024-01-02 00:45:00,Loc_2,-8.464443521518628,114.49364806218591,56.0561144129678,84,34.67345932884961,Rainy,33.238396528637,Arterial
2024-01-01 00:00:00,Loc_3,-8.182650948581703,114.40195569596101,54.32014259023399,41,33.433649084347785,Rainy,22.89679603376708,Local
2024-01-01 00:15:00,Loc_3,-8.182650948581703,114.40195569596101,44.518449532334074,10,16.059843014062203,Cloudy,33.30690209154142,Local
2024-01-01 00:30:00,Loc_3,-8.182650948581703,114.40195569596101,29.65329561596926,96,44.81234294265461,Cloudy,24.17239512528752,Local
2024-01-01 00:45:00,Loc_3,-8.182650948581703,114.40195569596101,48.79985095455348,76,27.229616487482353,Cloudy,24.631883110816485,Arterial
2024-01-01 01:00:00,Loc_3,-8.182650948581703,114.40195569596101,69.3114185806023,60,34.797396848587425,Rainy,20.285454926815145,Collector
2024-01-01 01:15:00,Loc_3,-8.182650948581703,114.40195569596101,31.58279580075292,96,18.218830720663448,Rainy,34.86197844349649,Collector
2024-01-01 01:30:00,Loc_3,-8.182650948581703,114.40195569596101,40.94906560396479,49,41.691039202136864,Rainy,26.562883901088103,Collector
2024-01-01 01:45:00,Loc_3,-8.182650948581703,114.40195569596101,75.57776751615535,41,28.05422101593836,Clear,27.75869844753859,Collector
2024-01-01 02:00:00,Loc_3,-8.182650948581703,114.40195569596101,30.027917962352905,75,25.044483002954184,Rainy,20.383789560816687,Collector
2024-01-01 02:15:00,Loc_3,-8.182650948581703,114.40195569596101,26.686455174566674,34,24.46680885060352,Cloudy,25.1264020585677,Local
2024-01-01 02:30:00,Loc_3,-8.182650948581703,114.40195569596101,40.55952122746477,43,48.914761297766454,Rainy,27.589018546223336,Local
2024-01-01 02:45:00,Loc_3,-8.182650948581703,114.40195569596101,32.04547148878589,22,35.00213615491637,Cloudy,20.219755813206145,Collector
2024-01-01 03:00:00,Loc_3,-8.182650948581703,114.40195569596101,44.48053944974217,28,25.66836164105574,Cloudy,29.7754705420719,Arterial
2024-01-01 03:15:00,Loc_3,-8.182650948581703,114.40195569596101,33.61785741398404,38,38.143432593787665,Rainy,20.687153290062074,Collector
2024-01-01 03:30:00,Loc_3,-8.182650948581703,114.40195569596101,72.43726618224818,15,41.21381375254667,Clear,24.03019287395642,Collector
2024-01-01 03:45:00,Loc_3,-8.182650948581703,114.40195569596101,20.17426057284837,96,11.98501700894071,Rainy,31.752182497860744,Local
2024-01-01 04:00:00,Loc_3,-8.182650948581703,114.40195569596101,76.54221644998576,26,40.90343341219079,Rainy,27.312805990885245,Collector
2024-01-01 04:15:00,Loc_3,-8.182650948581703,114.40195569596101,75.697971258765,12,31.990161651971857,Clear,33.561564505004256,Arterial
2024-01-01 04:30:00,Loc_3,-8.182650948581703,114.40195569596101,75.3725605863589,62,46.162178403816746,Clear,30.1865928080173,Local
2024-01-01 04:45:00,Loc_3,-8.182650948581703,114.40195569596101,59.06734956243853,23,24.926169413105512,Rainy,27.114043545611135,Local
2024-01-01 05:00:00,Loc_3,-8.182650948581703,114.40195569596101,44.819249612047784,59,42.10454976342153,Clear,30.036453847360853,Collector
2024-01-01 05:15:00,Loc_3,-8.182650948581703,114.40195569596101,24.95080965816506,73,25.297431000277818,Clear,32.55736060115027,Arterial
2024-01-01 05:30:00,Loc_3,-8.182650948581703,114.40195569596101,39.26193908574575,70,42.37653366572088,Cloudy,24.54878186800396,Collector
2024-01-01 05:45:00,Loc_3,-8.182650948581703,114.40195569596101,39.43544405953865,46,16.083379238544147,Clear,25.724743745284155,Arterial
2024-01-01 06:00:00,Loc_3,-8.182650948581703,114.40195569596101,31.686554397619112,82,27.204835910793005,Rainy,23.747419189924805,Arterial
2024-01-01 06:15:00,Loc_3,-8.182650948581703,114.40195569596101,79.75925464513172,18,10.074945062410347,Rainy,20.257347246055836,Collector
2024-01-01 06:30:00,Loc_3,-8.182650948581703,114.40195569596101,62.0655180587161,63,40.124986160470776,Rainy,22.520030934386927,Arterial
2024-01-01 06:45:00,Loc_3,-8.182650948581703,114.40195569596101,25.593546992364747,50,11.436196578239382,Clear,34.23221996821958,Arterial
2024-01-01 07:00:00,Loc_3,-8.182650948581703,114.40195569596101,62.57633850591083,96,42.2013760486439,Clear,27.202943363857948,Collector
2024-01-01 07:15:00,Loc_3,-8.182650948581703,114.40195569596101,47.05213310983686,94,49.799266923449125,Rainy,33.37693445155023,Local
2024-01-01 07:30:00,Loc_3,-8.182650948581703,114.40195569596101,23.15077597849905,51,37.43243760889443,Clear,26.712812598271455,Collector
2024-01-01 07:45:00,Loc_3,-8.182650948581703,114.40195569596101,33.600428588673786,22,45.691022351681006,Rainy,24.246753021573966,Local
2024-01-01 08:00:00,Loc_3,-8.182650948581703,114.40195569596101,38.97127676468059,79,31.819426749863815,Clear,29.641962155319014,Arterial
2024-01-01 08:15:00,Loc_3,-8.182650948581703,114.40195569596101,20.799391016788668,40,10.244025210311216,Rainy,28.112959509103604,Collector
2024-01-01 08:30:00,Loc_3,-8.182650948581703,114.40195569596101,57.26785414547862,15,31.483980809978075,Rainy,29.40771420248221,Collector
2024-01-01 08:45:00,Loc_3,-8.182650948581703,114.40195569596101,44.014426582291016,29,32.35428906673714,Clear,24.261941189239096,Collector
2024-01-01 09:00:00,Loc_3,-8.182650948581703,114.40195569596101,20.268986194731035,14,45.22477431640537,Clear,27.161490097169438,Collector
2024-01-01 09:15:00,Loc_3,-8.182650948581703,114.40195569596101,33.82097367255034,43,22.142934261132538,Clear,20.911282981533283,Arterial
2024-01-01 09:30:00,Loc_3,-8.182650948581703,114.40195569596101,42.46741065676771,56,24.959632735025107,Rainy,20.091727200152583,Collector
2024-01-01 09:45:00,Loc_3,-8.182650948581703,114.40195569596101,76.02653600985354,68,28.381530751273946,Clear,22.601378761369237,Arterial
2024-01-01 10:00:00,Loc_3,-8.182650948581703,114.40195569596101,46.03500972928816,29,17.36510758488217,Clear,30.353409624802964,Local
2024-01-01 10:15:00,Loc_3,-8.182650948581703,114.40195569596101,46.868245868599374,32,42.17284713269691,Cloudy,25.256957949168537,Arterial
2024-01-01 10:30:00,Loc_3,-8.182650948581703,114.40195569596101,79.66202076826363,83,47.342766817092865,Cloudy,22.259033170695695,Arterial
2024-01-01 10:45:00,Loc_3,-8.182650948581703,114.40195569596101,69.42258364370745,74,46.913138199347586,Cloudy,27.925592740325172,Local
2024-01-01 11:00:00,Loc_3,-8.182650948581703,114.40195569596101,62.34715778268829,32,14.20726669788078,Cloudy,20.938710522630522,Collector
2024-01-01 11:15:00,Loc_3,-8.182650948581703,114.40195569596101,64.00569203287365,51,10.60464719372062,Rainy,31.089010749018883,Collector
2024-01-01 11:30:00,Loc_3,-8.182650948581703,114.40195569596101,37.906313868833436,29,20.448866222724927,Clear,22.884841361034205,Local
2024-01-01 11:45:00,Loc_3,-8.182650948581703,114.40195569596101,49.02342876223355,64,19.953841968302704,Clear,27.932357161710552,Local
2024-01-01 12:00:00,Loc_3,-8.182650948581703,114.40195569596101,77.63318149833263,89,11.836863155246093,Cloudy,20.12211272145084,Local
2024-01-01 12:15:00,Loc_3,-8.182650948581703,114.40195569596101,22.867817061735,87,15.993664650099513,Clear,22.1156858982145,Collector
2024-01-01 12:30:00,Loc_3,-8.182650948581703,114.40195569596101,53.87585320129445,53,11.726734416750752,Rainy,30.062452882372476,Collector
2024-01-01 12:45:00,Loc_3,-8.182650948581703,114.40195569596101,35.24211752158608,10,34.862115913731415,Cloudy,28.136984520470424,Collector
2024-01-01 13:00:00,Loc_3,-8.182650948581703,114.40195569596101,59.635750711047685,62,24.049873671099853,Cloudy,28.573394128911275,Collector
2024-01-01 13:15:00,Loc_3,-8.182650948581703,114.40195569596101,42.71839486962463,74,29.220750650506556,Cloudy,25.856298453882623,Local
2024-01-01 13:30:00,Loc_3,-8.182650948581703,114.40195569596101,22.42886860471656,37,35.02135339120607,Cloudy,25.968158368003753,Arterial
2024-01-01 13:45:00,Loc_3,-8.182650948581703,114.40195569596101,56.821150381293194,82,11.356759844542012,Rainy,28.87379879751797,Local
2024-01-01 14:00:00,Loc_3,-8.182650948581703,114.40195569596101,49.20653736148566,75,31.882661485080483,Rainy,21.19405326843942,Arterial
2024-01-01 14:15:00,Loc_3,-8.182650948581703,114.40195569596101,56.3840641051573,33,21.444512754411406,Rainy,21.44886230412334,Arterial
2024-01-01 14:30:00,Loc_3,-8.182650948581703,114.40195569596101,67.15000085375544,44,33.638766077074905,Cloudy,31.5808564544758,Local
2024-01-01 14:45:00,Loc_3,-8.182650948581703,114.40195569596101,35.01222981916599,88,36.51221547069528,Rainy,28.310450247716982,Collector
2024-01-01 15:00:00,Loc_3,-8.182650948581703,114.40195569596101,44.39539716918781,81,19.166609654194055,Rainy,20.54815621001847,Arterial
2024-01-01 15:15:00,Loc_3,-8.182650948581703,114.40195569596101,67.74893598512443,12,23.1869380399646,Cloudy,29.3741527914049,Arterial
2024-01-01 15:30:00,Loc_3,-8.182650948581703,114.40195569596101,57.04188978141177,93,10.852441672831738,Cloudy,34.05947823471834,Collector
2024-01-01 15:45:00,Loc_3,-8.182650948581703,114.40195569596101,41.46060382694782,76,48.7657518517384,Cloudy,30.56118448871527,Arterial
2024-01-01 16:00:00,Loc_3,-8.182650948581703,114.40195569596101,58.912248579982545,88,46.10369419207932,Clear,30.72801597449699,Local
2024-01-01 16:15:00,Loc_3,-8.182650948581703,114.40195569596101,67.0921931770825,32,23.158031737513447,Clear,31.07665047719653,Arterial
2024-01-01 16:30:00,Loc_3,-8.182650948581703,114.40195569596101,35.833483936805564,70,13.959484173579927,Clear,23.971254038572336,Local
2024-01-01 16:45:00,Loc_3,-8.182650948581703,114.40195569596101,27.215215329480298,43,41.713430786845436,Clear,24.017374327482056,Local
2024-01-01 17:00:00,Loc_3,-8.182650948581703,114.40195569596101,22.189210118670115,55,24.830351594305515,Cloudy,22.644148447152556,Arterial
2024-01-01 17:15:00,Loc_3,-8.182650948581703,114.40195569596101,50.09117598399029,65,38.56584458422637,Cloudy,25.469219318094456,Local
2024-01-01 17:30:00,Loc_3,-8.182650948581703,114.40195569596101,30.149990003705774,90,37.386611946479334,Clear,25.619471748202997,Collector
2024-01-01 17:45:00,Loc_3,-8.182650948581703,114.40195569596101,24.653952059277977,15,36.66534897670577,Cloudy,27.33269088155459,Local
2024-01-01 18:00:00,Loc_3,-8.182650948581703,114.40195569596101,69.79128739800967,36,28.217411103806526,Clear,31.78035917296096,Local
2024-01-01 18:15:00,Loc_3,-8.182650948581703,114.40195569596101,66.93067970781549,12,32.842875873754785,Cloudy,22.235388062503567,Arterial
2024-01-01 18:30:00,Loc_3,-8.182650948581703,114.40195569596101,22.027012549548978,62,38.112001407900806,Clear,20.284735656155803,Local
2024-01-01 18:45:00,Loc_3,-8.182650948581703,114.40195569596101,60.638230998125465,88,11.182322402326538,Cloudy,23.13118285350178,Local
2024-01-01 19:00:00,Loc_3,-8.182650948581703,114.40195569596101,24.085922152966976,79,16.85028437860456,Clear,23.479240809488132,Arterial
2024-01-01 19:15:00,Loc_3,-8.182650948581703,114.40195569596101,47.00830998405548,41,19.586438177143446,Cloudy,25.67101784715874,Arterial
2024-01-01 19:30:00,Loc_3,-8.182650948581703,114.40195569596101,23.704518197078038,91,49.781564542133935,Cloudy,22.290799952232437,Local
2024-01-01 19:45:00,Loc_3,-8.182650948581703,114.40195569596101,75.86248792670273,98,10.096696574277537,Rainy,29.967663647644002,Arterial
2024-01-01 20:00:00,Loc_3,-8.182650948581703,114.40195569596101,65.65593198537849,29,45.80100195608441,Rainy,31.438863248799304,Arterial
2024-01-01 20:15:00,Loc_3,-8.182650948581703,114.40195569596101,50.77418585139264,15,13.14137262183304,Cloudy,22.556276109997114,Local
2024-01-01 20:30:00,Loc_3,-8.182650948581703,114.40195569596101,44.3890170932973,40,30.373590284913405,Cloudy,27.97135384485481,Collector
2024-01-01 20:45:00,Loc_3,-8.182650948581703,114.40195569596101,31.277581864196403,36,42.96714503699893,Clear,28.515257816704015,Local
2024-01-01 21:00:00,Loc_3,-8.182650948581703,114.40195569596101,65.1767855481169,71,22.45592148245359,Clear,23.70046888594473,Collector
2024-01-01 21:15:00,Loc_3,-8.182650948581703,114.40195569596101,64.88001986306642,74,31.01876589478446,Rainy,26.210726789809392,Collector
2024-01-01 21:30:00,Loc_3,-8.182650948581703,114.40195569596101,27.88889432258128,36,14.151630111955974,Clear,32.93385205996027,Arterial
2024-01-01 21:45:00,Loc_3,-8.182650948581703,114.40195569596101,30.621526516541493,42,29.844626647205583,Clear,21.29175601644556,Local
2024-01-01 22:00:00,Loc_3,-8.182650948581703,114.40195569596101,27.850552298564637,50,40.72911219324604,Rainy,30.565682020163912,Local
2024-01-01 22:15:00,Loc_3,-8.182650948581703,114.40195569596101,57.82823861483605,26,37.94518421257314,Rainy,23.139861457594964,Local
2024-01-01 22:30:00,Loc_3,-8.182650948581703,114.40195569596101,53.762274837675115,66,15.562205041514488,Clear,30.99635060167676,Local
2024-01-01 22:45:00,Loc_3,-8.182650948581703,114.40195569596101,64.41148641846112,11,46.290163066995134,Clear,25.937496342576907,Arterial
2024-01-01 23:00:00,Loc_3,-8.182650948581703,114.40195569596101,68.87584820936374,40,34.73945496318266,Cloudy,22.04495137876907,Local
2024-01-01 23:15:00,Loc_3,-8.182650948581703,114.40195569596101,28.00450192224671,50,46.32972649585544,Cloudy,34.646664731831635,Local
2024-01-01 23:30:00,Loc_3,-8.182650948581703,114.40195569596101,60.02417020397067,94,34.12020078372716,Clear,24.35937781880626,Arterial
2024-01-01 23:45:00,Loc_3,-8.182650948581703,114.40195569596101,37.80720550468918,19,20.91354336232433,Clear,22.77253002935705,Local
2024-01-02 00:00:00,Loc_3,-8.182650948581703,114.40195569596101,24.69935344967411,16,21.81896453321673,Cloudy,31.018685464120566,Collector
2024-01-02 00:15:00,Loc_3,-8.182650948581703,114.40195569596101,70.1103904228793,50,18.89609014261199,Rainy,29.8326851230906,Local
2024-01-02 00:30:00,Loc_3,-8.182650948581703,114.40195569596101,39.45822397015162,71,48.12017046677484,Rainy,21.785227132704186,Local
2024-01-02 00:45:00,Loc_3,-8.182650948581703,114.40195569596101,66.99166537649077,91,13.19729919799094,Rainy,20.185458569402602,Collector
2024-01-01 00:00:00,Loc_4,-8.046608917790039,114.3383267432297,58.09710668185992,26,44.57924773992516,Cloudy,32.763779859881204,Local
2024-01-01 00:15:00,Loc_4,-8.046608917790039,114.3383267432297,65.17218034395927,87,13.88612763247194,Cloudy,26.320537688101467,Arterial
2024-01-01 00:30:00,Loc_4,-8.046608917790039,114.3383267432297,40.054179088099154,89,20.583825507820638,Clear,30.897464000826538,Arterial
2024-01-01 00:45:00,Loc_4,-8.046608917790039,114.3383267432297,44.7547048838748,29,44.94296119322109,Clear,26.090464219410084,Local
2024-01-01 01:00:00,Loc_4,-8.046608917790039,114.3383267432297,26.005759721851156,95,19.48395753173122,Clear,21.650830333297016,Arterial
2024-01-01 01:15:00,Loc_4,-8.046608917790039,114.3383267432297,25.452089216934738,75,28.692612714885506,Clear,22.190173093156382,Arterial
2024-01-01 01:30:00,Loc_4,-8.046608917790039,114.3383267432297,61.678819152550965,77,25.867562822034436,Rainy,24.66310904878671,Local
2024-01-01 01:45:00,Loc_4,-8.046608917790039,114.3383267432297,40.40559106029116,21,42.88604969312375,Rainy,33.08384175228244,Collector
2024-01-01 02:00:00,Loc_4,-8.046608917790039,114.3383267432297,77.18137009008731,83,31.848015382279897,Rainy,22.783246719865613,Arterial
2024-01-01 02:15:00,Loc_4,-8.046608917790039,114.3383267432297,60.91568195610553,98,16.509223544381236,Cloudy,27.085408861825833,Local
2024-01-01 02:30:00,Loc_4,-8.046608917790039,114.3383267432297,57.76346616747842,21,35.880728068958774,Rainy,31.191603604029073,Arterial
2024-01-01 02:45:00,Loc_4,-8.046608917790039,114.3383267432297,67.22354391894933,20,49.28624857937801,Cloudy,32.966691362567296,Arterial
2024-01-01 03:00:00,Loc_4,-8.046608917790039,114.3383267432297,32.709190460279615,72,46.70687133615888,Rainy,28.46660566194423,Arterial
2024-01-01 03:15:00,Loc_4,-8.046608917790039,114.3383267432297,67.29276949263047,11,41.23781548325937,Clear,31.042574522948367,Collector
2024-01-01 03:30:00,Loc_4,-8.046608917790039,114.3383267432297,54.56783745367646,61,38.328188215326946,Clear,34.03908836466061,Local
2024-01-01 03:45:00,Loc_4,-8.046608917790039,114.3383267432297,25.08215054906684,98,45.82663694632298,Clear,21.84831481819842,Local
2024-01-01 04:00:00,Loc_4,-8.046608917790039,114.3383267432297,75.53671256214736,26,31.777428796646866,Rainy,33.30631701499625,Local
2024-01-01 04:15:00,Loc_4,-8.046608917790039,114.3383267432297,29.236335740398452,47,45.393284161973625,Clear,22.597832059755305,Local
2024-01-01 04:30:00,Loc_4,-8.046608917790039,114.3383267432297,73.14092102389552,12,38.544784924469795,Clear,33.733546228941606,Arterial
2024-01-01 04:45:00,Loc_4,-8.046608917790039,114.3383267432297,37.78751577464201,15,14.681515985930403,Rainy,32.03052163763538,Local
2024-01-01 05:00:00,Loc_4,-8.046608917790039,114.3383267432297,79.81804967082428,95,18.353466252849945,Cloudy,23.721363646973114,Arterial
2024-01-01 05:15:00,Loc_4,-8.046608917790039,114.3383267432297,21.007549418305093,91,18.99639817013712,Cloudy,34.36907366768612,Arterial
2024-01-01 05:30:00,Loc_4,-8.046608917790039,114.3383267432297,77.69214057713585,59,16.69014201705169,Cloudy,29.50924111463329,Local
2024-01-01 05:45:00,Loc_4,-8.046608917790039,114.3383267432297,34.75299039774262,86,23.41050171701195,Cloudy,24.22536937169575,Arterial
2024-01-01 06:00:00,Loc_4,-8.046608917790039,114.3383267432297,77.12409960854617,61,16.820482916142858,Cloudy,31.810754149647774,Local
2024-01-01 06:15:00,Loc_4,-8.046608917790039,114.3383267432297,28.503397059220912,25,31.342792571058776,Rainy,25.32371767756087,Arterial
2024-01-01 06:30:00,Loc_4,-8.046608917790039,114.3383267432297,36.52954065465431,23,32.21040454476817,Cloudy,23.842390801669275,Collector
2024-01-01 06:45:00,Loc_4,-8.046608917790039,114.3383267432297,29.331117097041847,43,24.623847338807177,Clear,33.847460516455136,Arterial
2024-01-01 07:00:00,Loc_4,-8.046608917790039,114.3383267432297,50.118937030651786,34,15.138603327500526,Clear,34.55370110097394,Arterial
2024-01-01 07:15:00,Loc_4,-8.046608917790039,114.3383267432297,69.32478140724115,34,32.624598786046036,Clear,20.483301105696825,Arterial
2024-01-01 07:30:00,Loc_4,-8.046608917790039,114.3383267432297,51.673661142176584,13,29.439835064592707,Rainy,25.42955940241491,Collector
2024-01-01 07:45:00,Loc_4,-8.046608917790039,114.3383267432297,47.36995196122302,23,16.750870959476632,Cloudy,34.91396412253001,Local
2024-01-01 08:00:00,Loc_4,-8.046608917790039,114.3383267432297,59.116261242091056,60,21.865042960492204,Rainy,25.70188391080606,Collector
2024-01-01 08:15:00,Loc_4,-8.046608917790039,114.3383267432297,73.50112607769158,59,10.029480730526789,Rainy,33.61711796218579,Arterial
2024-01-01 08:30:00,Loc_4,-8.046608917790039,114.3383267432297,35.25789858430499,99,18.39051876315815,Cloudy,29.874881941928667,Local
2024-01-01 08:45:00,Loc_4,-8.046608917790039,114.3383267432297,64.42162150500667,12,45.02714666596418,Clear,34.91345767546625,Collector
2024-01-01 09:00:00,Loc_4,-8.046608917790039,114.3383267432297,50.498462280830715,61,20.825145339244354,Rainy,21.315411750313345,Arterial
2024-01-01 09:15:00,Loc_4,-8.046608917790039,114.3383267432297,47.189870835196935,49,38.769325588674974,Rainy,25.6556121686052,Local
2024-01-01 09:30:00,Loc_4,-8.046608917790039,114.3383267432297,57.37573368223897,55,25.946879586661336,Rainy,28.27035307933817,Collector
2024-01-01 09:45:00,Loc_4,-8.046608917790039,114.3383267432297,36.52878203441972,39,38.36654532638642,Cloudy,32.609986074294845,Arterial
2024-01-01 10:00:00,Loc_4,-8.046608917790039,114.3383267432297,61.58153899338728,14,15.535496046260914,Clear,32.93459101497636,Arterial
2024-01-01 10:15:00,Loc_4,-8.046608917790039,114.3383267432297,48.115243184147246,75,38.56878933841371,Cloudy,30.66517837593435,Collector
2024-01-01 10:30:00,Loc_4,-8.046608917790039,114.3383267432297,63.06833918432441,96,30.899510780647358,Clear,24.715440176077763,Arterial
2024-01-01 10:45:00,Loc_4,-8.046608917790039,114.3383267432297,53.85001348806211,55,34.97319505451332,Clear,32.61837265378116,Local
2024-01-01 11:00:00,Loc_4,-8.046608917790039,114.3383267432297,57.39006022119928,66,28.034864930081696,Clear,33.6004124714342,Arterial
2024-01-01 11:15:00,Loc_4,-8.046608917790039,114.3383267432297,60.346723959998826,64,47.573649902326316,Clear,22.449523831193602,Collector
2024-01-01 11:30:00,Loc_4,-8.046608917790039,114.3383267432297,25.39296530825979,83,23.4971391549962,Rainy,27.700133761107402,Local
2024-01-01 11:45:00,Loc_4,-8.046608917790039,114.3383267432297,43.56490782890539,10,36.376987774651155,Cloudy,33.42347807319384,Local
2024-01-01 12:00:00,Loc_4,-8.046608917790039,114.3383267432297,25.10546565870281,79,47.08101048370424,Clear,20.036863048571842,Collector
2024-01-01 12:15:00,Loc_4,-8.046608917790039,114.3383267432297,71.14664321619293,22,30.876302488095018,Rainy,25.290939067294378,Local
2024-01-01 12:30:00,Loc_4,-8.046608917790039,114.3383267432297,51.7385160366473,98,12.945285531135422,Rainy,22.310307534198166,Collector
2024-01-01 12:45:00,Loc_4,-8.046608917790039,114.3383267432297,43.96296106203053,20,32.71931973682293,Rainy,28.178436860837287,Local
2024-01-01 13:00:00,Loc_4,-8.046608917790039,114.3383267432297,51.93448167682362,22,25.884218050740348,Clear,28.91667894757836,Collector
2024-01-01 13:15:00,Loc_4,-8.046608917790039,114.3383267432297,59.00978278088842,41,12.345039164165792,Cloudy,22.236409130848322,Local
2024-01-01 13:30:00,Loc_4,-8.046608917790039,114.3383267432297,61.3538524660846,73,13.961215658437496,Clear,21.157542207990723,Local
2024-01-01 13:45:00,Loc_4,-8.046608917790039,114.3383267432297,68.21000250502959,56,45.42156729459253,Cloudy,31.54406901537348,Arterial
2024-01-01 14:00:00,Loc_4,-8.046608917790039,114.3383267432297,70.96440451913577,23,16.756383192345027,Cloudy,33.20454393257844,Collector
2024-01-01 14:15:00,Loc_4,-8.046608917790039,114.3383267432297,36.42859030397867,77,34.61797347528308,Clear,33.003772346790484,Local
2024-01-01 14:30:00,Loc_4,-8.046608917790039,114.3383267432297,67.69485523492963,17,30.957423499273133,Clear,25.76210105419046,Local
2024-01-01 14:45:00,Loc_4,-8.046608917790039,114.3383267432297,25.205068440196783,68,14.629002525227403,Cloudy,28.036371968584035,Arterial
2024-01-01 15:00:00,Loc_4,-8.046608917790039,114.3383267432297,36.27975960290107,68,33.877040193778775,Rainy,29.181379005288566,Local
2024-01-01 15:15:00,Loc_4,-8.046608917790039,114.3383267432297,53.331390947610004,17,20.237659277055524,Rainy,28.301761356435563,Collector
2024-01-01 15:30:00,Loc_4,-8.046608917790039,114.3383267432297,77.94196082280055,15,31.07830100020187,Cloudy,28.279059586854913,Arterial
2024-01-01 15:45:00,Loc_4,-8.046608917790039,114.3383267432297,42.0074364255634,85,18.932066403891817,Rainy,20.132794029125893,Collector
2024-01-01 16:00:00,Loc_4,-8.046608917790039,114.3383267432297,31.607362541206676,46,18.65636464370237,Rainy,24.668311644409417,Collector
2024-01-01 16:15:00,Loc_4,-8.046608917790039,114.3383267432297,58.274687063769356,37,27.044949108684225,Clear,25.28711467181403,Local
2024-01-01 16:30:00,Loc_4,-8.046608917790039,114.3383267432297,56.755458206600636,84,49.9632178962296,Rainy,21.417426428298548,Arterial
2024-01-01 16:45:00,Loc_4,-8.046608917790039,114.3383267432297,38.78114933197807,60,42.442905641731684,Rainy,20.57306446499555,Arterial
2024-01-01 17:00:00,Loc_4,-8.046608917790039,114.3383267432297,48.7956213405551,28,21.681148267309787,Rainy,23.530148570557262,Collector
2024-01-01 17:15:00,Loc_4,-8.046608917790039,114.3383267432297,37.13462835776719,21,33.11161153465213,Rainy,25.374024694257606,Collector
2024-01-01 17:30:00,Loc_4,-8.046608917790039,114.3383267432297,66.27118421919353,75,48.947277679996,Cloudy,30.279915442973238,Arterial
2024-01-01 17:45:00,Loc_4,-8.046608917790039,114.3383267432297,31.01685521022347,97,43.93062090474599,Rainy,20.678018736565285,Local
2024-01-01 18:00:00,Loc_4,-8.046608917790039,114.3383267432297,63.999109862623804,56,15.22094133531947,Clear,24.916556382801335,Arterial
2024-01-01 18:15:00,Loc_4,-8.046608917790039,114.3383267432297,47.993291413944284,28,33.23985834890796,Rainy,24.634152227920495,Local
2024-01-01 18:30:00,Loc_4,-8.046608917790039,114.3383267432297,51.45165082927176,84,38.742268729168984,Rainy,22.940777647154494,Local
2024-01-01 18:45:00,Loc_4,-8.046608917790039,114.3383267432297,53.55404615735513,34,33.8722457106082,Rainy,28.2375888503054,Collector
2024-01-01 19:00:00,Loc_4,-8.046608917790039,114.3383267432297,21.59535894084852,13,39.30117680939404,Cloudy,27.78637660267362,Collector
2024-01-01 19:15:00,Loc_4,-8.046608917790039,114.3383267432297,78.82934559562284,16,37.07751072895358,Clear,22.08161190817249,Collector
2024-01-01 19:30:00,Loc_4,-8.046608917790039,114.3383267432297,35.520099260758315,93,38.2660438294593,Cloudy,32.35868113331769,Arterial
2024-01-01 19:45:00,Loc_4,-8.046608917790039,114.3383267432297,60.674595645356646,38,30.322546089764483,Cloudy,24.996189657823756,Collector
2024-01-01 20:00:00,Loc_4,-8.046608917790039,114.3383267432297,68.65153967858211,39,27.88724114930739,Clear,28.131040382025397,Arterial
2024-01-01 20:15:00,Loc_4,-8.046608917790039,114.3383267432297,71.12604960000664,24,18.100344421747124,Rainy,24.32889300643365,Collector
2024-01-01 20:30:00,Loc_4,-8.046608917790039,114.3383267432297,67.66802508641439,90,15.5454459391682,Rainy,25.302413411949047,Collector
2024-01-01 20:45:00,Loc_4,-8.046608917790039,114.3383267432297,51.774723044355675,97,43.491347946046005,Clear,25.862160930266427,Arterial
2024-01-01 21:00:00,Loc_4,-8.046608917790039,114.3383267432297,41.109984690901676,90,47.205384231131234,Clear,33.15164292283128,Collector
2024-01-01 21:15:00,Loc_4,-8.046608917790039,114.3383267432297,26.473271677002028,15,30.624096269911234,Cloudy,21.738600534471843,Collector
2024-01-01 21:30:00,Loc_4,-8.046608917790039,114.3383267432297,20.295757637624227,88,22.143403475592205,Clear,29.378111559457203,Local
2024-01-01 21:45:00,Loc_4,-8.046608917790039,114.3383267432297,69.70554628531627,69,36.94080966151377,Cloudy,21.729793036637346,Arterial
2024-01-01 22:00:00,Loc_4,-8.046608917790039,114.3383267432297,43.437780244495,79,27.101275095248305,Rainy,22.590173758005335,Arterial
2024-01-01 22:15:00,Loc_4,-8.046608917790039,114.3383267432297,33.21169940954472,47,43.06480156794312,Clear,23.138945514142915,Local
2024-01-01 22:30:00,Loc_4,-8.046608917790039,114.3383267432297,79.9198828268683,50,37.68483056576079,Clear,20.496252973058958,Local
2024-01-01 22:45:00,Loc_4,-8.046608917790039,114.3383267432297,25.83711159473843,95,32.508511849020906,Clear,31.65775125465026,Arterial
2024-01-01 23:00:00,Loc_4,-8.046608917790039,114.3383267432297,38.672538866472436,89,12.879427830001982,Rainy,33.353429806899776,Arterial
2024-01-01 23:15:00,Loc_4,-8.046608917790039,114.3383267432297,76.5870967214408,37,40.614722623796595,Cloudy,27.223630073085317,Arterial
2024-01-01 23:30:00,Loc_4,-8.046608917790039,114.3383267432297,72.14580735656102,51,48.629924818798095,Clear,23.58203731399201,Arterial
2024-01-01 23:45:00,Loc_4,-8.046608917790039,114.3383267432297,22.672227111128443,99,43.61218943416301,Clear,25.511083147846627,Arterial
2024-01-02 00:00:00,Loc_4,-8.046608917790039,114.3383267432297,66.4979005266633,18,22.274280316332103,Cloudy,31.770532626067954,Collector
2024-01-02 00:15:00,Loc_4,-8.046608917790039,114.3383267432297,27.201983773728927,50,36.233527593157405,Rainy,28.699356160365237,Local
2024-01-02 00:30:00,Loc_4,-8.046608917790039,114.3383267432297,61.67889222540643,33,33.22967110322078,Clear,20.438256575298354,Local
2024-01-02 00:45:00,Loc_4,-8.046608917790039,114.3383267432297,29.86479673558283,85,18.08651155579053,Clear,33.808104740313816,Collector
2024-01-01 00:00:00,Loc_5,-8.44327378328572,114.34045963940939,48.019271286546555,19,31.3329600364853,Rainy,28.099820695582313,Local
2024-01-01 00:15:00,Loc_5,-8.44327378328572,114.34045963940939,43.24219466921308,15,36.23689119299072,Rainy,21.350672327138643,Arterial
2024-01-01 00:30:00,Loc_5,-8.44327378328572,114.34045963940939,52.765379899315136,42,34.153156685791814,Rainy,33.56921302060948,Arterial
2024-01-01 00:45:00,Loc_5,-8.44327378328572,114.34045963940939,50.8118623186848,73,23.79714507591826,Clear,32.19490783104309,Arterial
2024-01-01 01:00:00,Loc_5,-8.44327378328572,114.34045963940939,73.37955897879101,21,30.74795009410562,Clear,22.673425305618277,Arterial
2024-01-01 01:15:00,Loc_5,-8.44327378328572,114.34045963940939,36.93762102387858,39,29.46034573711977,Cloudy,20.19490842524535,Arterial
2024-01-01 01:30:00,Loc_5,-8.44327378328572,114.34045963940939,39.50935423206391,30,25.761710624921115,Cloudy,27.49221247008422,Local
2024-01-01 01:45:00,Loc_5,-8.44327378328572,114.34045963940939,49.174676801736574,10,40.87211849468514,Rainy,31.415389519819364,Arterial
2024-01-01 02:00:00,Loc_5,-8.44327378328572,114.34045963940939,48.851909436074315,57,47.957407834280225,Clear,26.763432715537284,Collector
2024-01-01 02:15:00,Loc_5,-8.44327378328572,114.34045963940939,20.065336271525364,77,16.09503716000023,Rainy,29.77151559810563,Local
2024-01-01 02:30:00,Loc_5,-8.44327378328572,114.34045963940939,74.23393683620404,76,31.157543894933376,Clear,20.994495999016994,Arterial
2024-01-01 02:45:00,Loc_5,-8.44327378328572,114.34045963940939,25.17120963118758,89,13.794191567155828,Cloudy,28.61123667147025,Arterial
2024-01-01 03:00:00,Loc_5,-8.44327378328572,114.34045963940939,40.815917166982935,71,26.23386151535545,Rainy,24.02522615652976,Arterial
2024-01-01 03:15:00,Loc_5,-8.44327378328572,114.34045963940939,42.191798367123624,60,24.702728350124072,Cloudy,28.735026338333252,Arterial
2024-01-01 03:30:00,Loc_5,-8.44327378328572,114.34045963940939,51.05347788164671,97,16.938483451437286,Cloudy,22.04115808276273,Arterial
2024-01-01 03:45:00,Loc_5,-8.44327378328572,114.34045963940939,57.76706278342737,56,14.982699458171354,Rainy,27.179384467190772,Collector
2024-01-01 04:00:00,Loc_5,-8.44327378328572,114.34045963940939,20.41389991900403,37,14.966472265173984,Clear,21.651447075922384,Collector
2024-01-01 04:15:00,Loc_5,-8.44327378328572,114.34045963940939,76.44322253489484,10,39.48085056745698,Cloudy,28.241685478152988,Arterial
2024-01-01 04:30:00,Loc_5,-8.44327378328572,114.34045963940939,57.103531862196874,42,33.635001070662675,Cloudy,21.179898648688845,Arterial
2024-01-01 04:45:00,Loc_5,-8.44327378328572,114.34045963940939,60.44363140661244,53,29.229466075539076,Rainy,31.741892769885652,Local
2024-01-01 05:00:00,Loc_5,-8.44327378328572,114.34045963940939,65.60121168949375,18,29.41821151883811,Rainy,33.27617563981957,Arterial
2024-01-01 05:15:00,Loc_5,-8.44327378328572,114.34045963940939,68.31755195670792,35,47.61466543085992,Clear,28.29110748761081,Collector
2024-01-01 05:30:00,Loc_5,-8.44327378328572,114.34045963940939,31.505637603967074,29,38.10903349946575,Clear,32.70238694442218,Collector
2024-01-01 05:45:00,Loc_5,-8.44327378328572,114.34045963940939,31.94837870973939,28,33.08377119327836,Clear,27.36101951101132,Local
2024-01-01 06:00:00,Loc_5,-8.44327378328572,114.34045963940939,63.584594165433444,29,29.38852941007525,Clear,23.659288198500477,Arterial
2024-01-01 06:15:00,Loc_5,-8.44327378328572,114.34045963940939,62.225727457074534,83,18.008805475481363,Clear,23.107613576656885,Collector
2024-01-01 06:30:00,Loc_5,-8.44327378328572,114.34045963940939,67.72670733371078,80,44.59995307003311,Rainy,23.86234083668125,Collector
2024-01-01 06:45:00,Loc_5,-8.44327378328572,114.34045963940939,40.52787594846557,30,23.70133289259675,Rainy,25.832415236255304,Arterial
2024-01-01 07:00:00,Loc_5,-8.44327378328572,114.34045963940939,44.9104215902548,73,13.978391000861524,Clear,24.98293939953544,Local
2024-01-01 07:15:00,Loc_5,-8.44327378328572,114.34045963940939,42.031542216385134,36,49.49479292211639,Cloudy,33.92471102336134,Local
2024-01-01 07:30:00,Loc_5,-8.44327378328572,114.34045963940939,77.33804238091886,71,15.068892754607264,Cloudy,31.219275059201717,Arterial
2024-01-01 07:45:00,Loc_5,-8.44327378328572,114.34045963940939,37.35454842929194,10,20.780349917417468,Cloudy,34.10034159766723,Local
2024-01-01 08:00:00,Loc_5,-8.44327378328572,114.34045963940939,64.7608034598745,79,26.610010426852998,Rainy,23.27788492308236,Local
2024-01-01 08:15:00,Loc_5,-8.44327378328572,114.34045963940939,65.26365668045885,75,26.192798709108224,Rainy,24.420441257169774,Arterial
2024-01-01 08:30:00,Loc_5,-8.44327378328572,114.34045963940939,34.208369352866725,44,16.977280072118603,Rainy,30.552071639725582,Arterial
2024-01-01 08:45:00,Loc_5,-8.44327378328572,114.34045963940939,25.879680353640165,57,30.636898735789124,Cloudy,28.913075873548458,Local
2024-01-01 09:00:00,Loc_5,-8.44327378328572,114.34045963940939,21.27201697913175,97,15.286426992461774,Cloudy,32.338334084184474,Arterial
2024-01-01 09:15:00,Loc_5,-8.44327378328572,114.34045963940939,23.831241365039247,88,44.045527257839325,Cloudy,23.33713549198496,Collector
2024-01-01 09:30:00,Loc_5,-8.44327378328572,114.34045963940939,36.64933295846393,28,45.54612921689412,Cloudy,30.755077517159098,Arterial
2024-01-01 09:45:00,Loc_5,-8.44327378328572,114.34045963940939,69.18863024804456,53,41.54988029669876,Clear,25.936209739047683,Local
2024-01-01 10:00:00,Loc_5,-8.44327378328572,114.34045963940939,20.799056546722255,92,32.92816114339114,Clear,20.813479606496415,Collector
2024-01-01 10:15:00,Loc_5,-8.44327378328572,114.34045963940939,44.1026303431934,22,16.506074719801425,Rainy,32.471152912807426,Collector
2024-01-01 10:30:00,Loc_5,-8.44327378328572,114.34045963940939,24.965699285697767,98,37.77437326226878,Clear,26.562742298204558,Collector
2024-01-01 10:45:00,Loc_5,-8.44327378328572,114.34045963940939,78.4418239481301,57,42.35975866540048,Rainy,31.864372323810038,Collector
2024-01-01 11:00:00,Loc_5,-8.44327378328572,114.34045963940939,53.751410284158084,54,41.54591444653781,Cloudy,30.524979867201658,Local
2024-01-01 11:15:00,Loc_5,-8.44327378328572,114.34045963940939,39.71354976345318,74,38.68781123607894,Cloudy,33.0437947792456,Arterial
2024-01-01 11:30:00,Loc_5,-8.44327378328572,114.34045963940939,77.23393504254813,86,47.54679628370583,Rainy,33.710610713948284,Arterial
2024-01-01 11:45:00,Loc_5,-8.44327378328572,114.34045963940939,52.822790445132064,52,37.38503279672318,Cloudy,28.513657720894713,Arterial
2024-01-01 12:00:00,Loc_5,-8.44327378328572,114.34045963940939,71.61504927172845,83,46.45413016885267,Cloudy,22.84456995796267,Local
2024-01-01 12:15:00,Loc_5,-8.44327378328572,114.34045963940939,52.49970978935331,64,31.82208945662056,Cloudy,33.138642412600376,Arterial
2024-01-01 12:30:00,Loc_5,-8.44327378328572,114.34045963940939,75.92422672088509,45,18.243096981621907,Clear,31.489785770956615,Collector
2024-01-01 12:45:00,Loc_5,-8.44327378328572,114.34045963940939,62.178667743701,45,41.01655734166059,Clear,29.75218723743529,Collector
2024-01-01 13:00:00,Loc_5,-8.44327378328572,114.34045963940939,59.49688166921739,82,18.281691105561734,Rainy,22.61430523592468,Arterial
2024-01-01 13:15:00,Loc_5,-8.44327378328572,114.34045963940939,64.15277485156267,13,36.70297872611266,Clear,30.848312943787857,Arterial
2024-01-01 13:30:00,Loc_5,-8.44327378328572,114.34045963940939,38.73820941017462,39,42.22585195184835,Cloudy,30.377731655643082,Arterial
2024-01-01 13:45:00,Loc_5,-8.44327378328572,114.34045963940939,77.71906678187605,60,15.485385674659655,Rainy,21.608780191122044,Arterial
2024-01-01 14:00:00,Loc_5,-8.44327378328572,114.34045963940939,65.04074152346115,36,25.414319480546173,Rainy,29.22959354576319,Collector
2024-01-01 14:15:00,Loc_5,-8.44327378328572,114.34045963940939,20.904865688698546,91,41.24768818400014,Cloudy,27.19920779746662,Local
2024-01-01 14:30:00,Loc_5,-8.44327378328572,114.34045963940939,47.58418560500779,77,21.485113675076658,Cloudy,34.650164368268,Local
2024-01-01 14:45:00,Loc_5,-8.44327378328572,114.34045963940939,34.50987867439679,60,25.750885422211773,Rainy,20.03793263391305,Collector
2024-01-01 15:00:00,Loc_5,-8.44327378328572,114.34045963940939,41.89084505515183,18,25.550320285718968,Clear,33.04276335957129,Collector
2024-01-01 15:15:00,Loc_5,-8.44327378328572,114.34045963940939,74.01377832172511,63,17.672046084675493,Cloudy,31.325510031829502,Arterial
2024-01-01 15:30:00,Loc_5,-8.44327378328572,114.34045963940939,53.66135724198406,64,39.809101771893474,Clear,28.562750602283835,Local
2024-01-01 15:45:00,Loc_5,-8.44327378328572,114.34045963940939,65.89962586984069,71,32.71341501877404,Clear,20.287130935911186,Local
2024-01-01 16:00:00,Loc_5,-8.44327378328572,114.34045963940939,48.6383927786748,55,32.692654466198455,Clear,33.67958231253492,Collector
2024-01-01 16:15:00,Loc_5,-8.44327378328572,114.34045963940939,45.58560925781015,96,30.343366420835068,Rainy,24.795899324986927,Local
2024-01-01 16:30:00,Loc_5,-8.44327378328572,114.34045963940939,38.907347879783714,49,24.815262807761314,Rainy,25.017866778441753,Arterial
2024-01-01 16:45:00,Loc_5,-8.44327378328572,114.34045963940939,58.08939380845508,71,33.78881352745227,Rainy,34.348965623214895,Collector
2024-01-01 17:00:00,Loc_5,-8.44327378328572,114.34045963940939,20.666408818275674,48,39.03831588156595,Cloudy,28.300094714461697,Local
2024-01-01 17:15:00,Loc_5,-8.44327378328572,114.34045963940939,44.396104894253796,64,10.457470476699742,Rainy,32.863474994288694,Arterial
2024-01-01 17:30:00,Loc_5,-8.44327378328572,114.34045963940939,52.36065291454457,62,25.368390070251575,Clear,28.834785279397117,Collector
2024-01-01 17:45:00,Loc_5,-8.44327378328572,114.34045963940939,53.7914195659503,72,25.98037683509385,Cloudy,20.388338367110247,Arterial
2024-01-01 18:00:00,Loc_5,-8.44327378328572,114.34045963940939,74.16796461255024,46,16.17270253079071,Rainy,31.494600460434754,Local
2024-01-01 18:15:00,Loc_5,-8.44327378328572,114.34045963940939,75.70860254820013,66,46.98101543244493,Clear,26.21003152285811,Collector
2024-01-01 18:30:00,Loc_5,-8.44327378328572,114.34045963940939,66.01458516857852,26,11.200064086608922,Clear,22.644796502482162,Local
2024-01-01 18:45:00,Loc_5,-8.44327378328572,114.34045963940939,42.306862550025315,95,14.075235030926546,Clear,31.397487912750613,Collector
2024-01-01 19:00:00,Loc_5,-8.44327378328572,114.34045963940939,42.84366668493735,71,41.163919536877756,Clear,30.02378321649909,Collector
2024-01-01 19:15:00,Loc_5,-8.44327378328572,114.34045963940939,44.15177616964089,14,21.115584737384484,Cloudy,20.709236198318944,Local
2024-01-01 19:30:00,Loc_5,-8.44327378328572,114.34045963940939,62.75296644623774,98,33.50635963921545,Clear,23.579939082318504,Arterial
2024-01-01 19:45:00,Loc_5,-8.44327378328572,114.34045963940939,38.06712132655048,62,20.290779617271856,Rainy,27.831211015173125,Arterial
2024-01-01 20:00:00,Loc_5,-8.44327378328572,114.34045963940939,59.70349169943602,78,15.944333383417444,Clear,20.455363925144482,Local
2024-01-01 20:15:00,Loc_5,-8.44327378328572,114.34045963940939,77.81998526927535,68,38.781129045613426,Clear,34.82630340415443,Arterial
2024-01-01 20:30:00,Loc_5,-8.44327378328572,114.34045963940939,68.01793501653603,32,33.92928788186443,Cloudy,25.450092314900502,Collector
2024-01-01 20:45:00,Loc_5,-8.44327378328572,114.34045963940939,35.653089538654996,54,11.222855619758615,Cloudy,28.289558396127035,Local
2024-01-01 21:00:00,Loc_5,-8.44327378328572,114.34045963940939,35.18706980892542,18,35.38847141950745,Clear,22.444457768528192,Local
2024-01-01 21:15:00,Loc_5,-8.44327378328572,114.34045963940939,47.5623915578487,64,47.763972018622496,Rainy,31.161730648184445,Arterial
2024-01-01 21:30:00,Loc_5,-8.44327378328572,114.34045963940939,44.42430591007766,16,25.269449824807957,Clear,33.492311957310406,Arterial
2024-01-01 21:45:00,Loc_5,-8.44327378328572,114.34045963940939,76.04958036707055,60,26.79328561476732,Rainy,21.758814274399658,Collector
2024-01-01 22:00:00,Loc_5,-8.44327378328572,114.34045963940939,36.13073606045293,66,43.37237370597954,Rainy,23.11391188220448,Arterial
2024-01-01 22:15:00,Loc_5,-8.44327378328572,114.34045963940939,60.32965725829945,94,13.104072143141764,Clear,29.742400579367285,Collector
2024-01-01 22:30:00,Loc_5,-8.44327378328572,114.34045963940939,25.96752428414252,22,34.5469909068711,Clear,24.608426655399306,Collector
2024-01-01 22:45:00,Loc_5,-8.44327378328572,114.34045963940939,65.0724408523311,67,44.004084415801344,Clear,25.30087042064668,Local
2024-01-01 23:00:00,Loc_5,-8.44327378328572,114.34045963940939,26.20344312774317,78,10.800539007561598,Cloudy,32.59069240992322,Arterial
2024-01-01 23:15:00,Loc_5,-8.44327378328572,114.34045963940939,48.07150089003895,90,48.91376689883442,Clear,25.940758908290242,Collector
2024-01-01 23:30:00,Loc_5,-8.44327378328572,114.34045963940939,65.53676372679507,36,13.806820378655264,Clear,28.393999312410166,Collector
2024-01-01 23:45:00,Loc_5,-8.44327378328572,114.34045963940939,75.20312736095913,35,44.71116502532368,Rainy,23.713800215552553,Local
2024-01-02 00:00:00,Loc_5,-8.44327378328572,114.34045963940939,68.10395251629456,67,41.81100452174395,Cloudy,27.99413835232552,Local
2024-01-02 00:15:00,Loc_5,-8.44327378328572,114.34045963940939,57.59053229002223,13,21.475877794686742,Cloudy,27.360174593174087,Local
2024-01-02 00:30:00,Loc_5,-8.44327378328572,114.34045963940939,43.885360066442104,23,31.892380452895644,Cloudy,34.82080928749747,Arterial
2024-01-02 00:45:00,Loc_5,-8.44327378328572,114.34045963940939,21.542192554337646,61,33.96736395055915,Cloudy,26.95031163215861,Collector
2024-01-01 00:00:00,Loc_6,-8.11347627935361,114.40353739589033,61.69501319296138,32,23.29269235441426,Rainy,21.012003415590048,Local
2024-01-01 00:15:00,Loc_6,-8.11347627935361,114.40353739589033,35.460288373444506,51,23.512435778235734,Cloudy,27.9853300871306,Collector
2024-01-01 00:30:00,Loc_6,-8.11347627935361,114.40353739589033,41.39576037074075,54,10.024886757601696,Cloudy,24.76765461134705,Arterial
2024-01-01 00:45:00,Loc_6,-8.11347627935361,114.40353739589033,26.587508891854036,32,15.82623174788743,Cloudy,26.885565064272544,Local
2024-01-01 01:00:00,Loc_6,-8.11347627935361,114.40353739589033,33.396968892932684,49,45.93314081088159,Rainy,21.581233875787373,Collector
2024-01-01 01:15:00,Loc_6,-8.11347627935361,114.40353739589033,69.97973600888551,29,21.838816720181246,Cloudy,30.23742419075719,Arterial
2024-01-01 01:30:00,Loc_6,-8.11347627935361,114.40353739589033,41.08168244163252,55,45.67136865812632,Clear,28.71299739836396,Local
2024-01-01 01:45:00,Loc_6,-8.11347627935361,114.40353739589033,75.13072680021939,83,14.41930196839805,Cloudy,23.633983574459855,Arterial
2024-01-01 02:00:00,Loc_6,-8.11347627935361,114.40353739589033,78.45303178028647,71,32.242769282505236,Rainy,23.68113353808689,Local
2024-01-01 02:15:00,Loc_6,-8.11347627935361,114.40353739589033,71.4025525948125,56,45.921519215169766,Rainy,22.027124800601747,Arterial
2024-01-01 02:30:00,Loc_6,-8.11347627935361,114.40353739589033,34.36230468433302,44,12.611529239628855,Rainy,32.61105455902074,Local
2024-01-01 02:45:00,Loc_6,-8.11347627935361,114.40353739589033,25.50950337975079,46,10.426122918424031,Rainy,21.14637769817084,Local
2024-01-01 03:00:00,Loc_6,-8.11347627935361,114.40353739589033,73.89983019057881,49,25.989532358632502,Clear,25.286196994855693,Arterial
2024-01-01 03:15:00,Loc_6,-8.11347627935361,114.40353739589033,36.54411512267258,46,10.2808093287458,Clear,34.60125561088166,Local
2024-01-01 03:30:00,Loc_6,-8.11347627935361,114.40353739589033,48.05879073585325,42,18.893294409911377,Cloudy,23.07136755833116,Local
2024-01-01 03:45:00,Loc_6,-8.11347627935361,114.40353739589033,45.71157800214482,86,19.10080973066481,Clear,25.567270050141005,Arterial
2024-01-01 04:00:00,Loc_6,-8.11347627935361,114.40353739589033,35.20239650008716,10,44.56888607610727,Rainy,23.738924067371222,Local
2024-01-01 04:15:00,Loc_6,-8.11347627935361,114.40353739589033,61.63013045125816,11,47.440969613595286,Cloudy,30.154932376023247,Collector
2024-01-01 04:30:00,Loc_6,-8.11347627935361,114.40353739589033,46.54897724519411,43,39.359626991480944,Clear,20.925889741393625,Arterial
2024-01-01 04:45:00,Loc_6,-8.11347627935361,114.40353739589033,43.86531590202726,39,47.31437170512414,Clear,26.921578924011175,Arterial
2024-01-01 05:00:00,Loc_6,-8.11347627935361,114.40353739589033,32.30269727467977,76,49.604101275543144,Cloudy,22.416607328782447,Arterial
2024-01-01 05:15:00,Loc_6,-8.11347627935361,114.40353739589033,60.84758891770425,83,26.773982698810578,Rainy,34.766381847381915,Local
2024-01-01 05:30:00,Loc_6,-8.11347627935361,114.40353739589033,66.43766435565075,13,32.218700808595116,Rainy,25.185207641558343,Arterial
2024-01-01 05:45:00,Loc_6,-8.11347627935361,114.40353739589033,53.838793270966285,47,30.247588282338963,Cloudy,27.967519634648774,Local
2024-01-01 06:00:00,Loc_6,-8.11347627935361,114.40353739589033,50.81068305653753,24,43.01421643323106,Cloudy,24.16326339318418,Arterial
2024-01-01 06:15:00,Loc_6,-8.11347627935361,114.40353739589033,62.373018801611686,20,10.370145641102138,Rainy,34.38211723590025,Local
2024-01-01 06:30:00,Loc_6,-8.11347627935361,114.40353739589033,56.406720140318036,91,34.17425124092933,Cloudy,33.54262648895751,Collector
2024-01-01 06:45:00,Loc_6,-8.11347627935361,114.40353739589033,32.1809821363411,17,28.739221134574052,Rainy,26.914117376348905,Collector
2024-01-01 07:00:00,Loc_6,-8.11347627935361,114.40353739589033,37.162160222205245,23,33.96229548672557,Rainy,21.07241918872873,Collector
2024-01-01 07:15:00,Loc_6,-8.11347627935361,114.40353739589033,72.20643660673163,93,37.16032965304747,Rainy,23.029706051388295,Arterial
2024-01-01 07:30:00,Loc_6,-8.11347627935361,114.40353739589033,41.217793506658396,90,29.525527874147855,Rainy,34.3155987688089,Collector
2024-01-01 07:45:00,Loc_6,-8.11347627935361,114.40353739589033,49.27546226695062,98,11.312971099085436,Cloudy,28.32874680678956,Arterial
2024-01-01 08:00:00,Loc_6,-8.11347627935361,114.40353739589033,64.30324111785583,21,37.93811129536426,Rainy,25.688456503901687,Collector
2024-01-01 08:15:00,Loc_6,-8.11347627935361,114.40353739589033,41.59504837469277,38,15.11286346607912,Cloudy,20.983094743651897,Collector
2024-01-01 08:30:00,Loc_6,-8.11347627935361,114.40353739589033,36.74433230687619,43,32.74563270877239,Rainy,23.201132349706693,Collector
2024-01-01 08:45:00,Loc_6,-8.11347627935361,114.40353739589033,78.1695851082856,80,23.48637776331124,Cloudy,23.61553950769351,Arterial
2024-01-01 09:00:00,Loc_6,-8.11347627935361,114.40353739589033,58.322936938365665,97,22.61576106027247,Rainy,23.10657060703522,Local
2024-01-01 09:15:00,Loc_6,-8.11347627935361,114.40353739589033,44.97691773733609,17,37.44981280242395,Rainy,27.528490860131793,Arterial
2024-01-01 09:30:00,Loc_6,-8.11347627935361,114.40353739589033,44.47381409796155,36,28.226459858882805,Cloudy,33.98402536493564,Local
2024-01-01 09:45:00,Loc_6,-8.11347627935361,114.40353739589033,28.35679725657439,66,34.90973513046402,Clear,31.29361127591134,Collector
2024-01-01 10:00:00,Loc_6,-8.11347627935361,114.40353739589033,44.17794821589587,17,40.95443433929481,Cloudy,24.96862537193801,Arterial
2024-01-01 10:15:00,Loc_6,-8.11347627935361,114.40353739589033,65.06026167366963,71,46.572486803630106,Clear,25.963371989742093,Local
2024-01-01 10:30:00,Loc_6,-8.11347627935361,114.40353739589033,25.00756383350602,86,30.920430289803274,Rainy,30.39315622460977,Arterial
2024-01-01 10:45:00,Loc_6,-8.11347627935361,114.40353739589033,54.53720251955125,14,12.4643454501069,Clear,31.06695766021692,Arterial
2024-01-01 11:00:00,Loc_6,-8.11347627935361,114.40353739589033,26.278991153823192,89,39.87482033645869,Rainy,20.212494159238542,Local
2024-01-01 11:15:00,Loc_6,-8.11347627935361,114.40353739589033,67.17096129502306,51,42.75221811586209,Clear,31.579303248115565,Arterial
2024-01-01 11:30:00,Loc_6,-8.11347627935361,114.40353739589033,24.72521541746456,38,40.912541822956925,Clear,32.11950939728091,Local
2024-01-01 11:45:00,Loc_6,-8.11347627935361,114.40353739589033,29.032504109303297,96,46.77312736617735,Rainy,31.540562198392603,Local
2024-01-01 12:00:00,Loc_6,-8.11347627935361,114.40353739589033,75.63386507242464,42,12.904719777062086,Clear,32.33284824416515,Collector
2024-01-01 12:15:00,Loc_6,-8.11347627935361,114.40353739589033,46.21605971426631,79,48.36659165155827,Rainy,24.527220104897168,Arterial
2024-01-01 12:30:00,Loc_6,-8.11347627935361,114.40353739589033,73.58522838800084,34,31.533527360592075,Rainy,26.478330034873053,Collector
2024-01-01 12:45:00,Loc_6,-8.11347627935361,114.40353739589033,25.93735125943499,65,29.92609805898985,Clear,30.656282393275383,Collector
2024-01-01 13:00:00,Loc_6,-8.11347627935361,114.40353739589033,32.728851041733,81,42.32610880236812,Rainy,20.825941179942742,Collector
2024-01-01 13:15:00,Loc_6,-8.11347627935361,114.40353739589033,49.83811350924336,65,42.68657526860071,Rainy,32.16297077233615,Arterial
2024-01-01 13:30:00,Loc_6,-8.11347627935361,114.40353739589033,21.952975640424274,73,20.883312208115917,Cloudy,26.17767480793695,Collector
2024-01-01 13:45:00,Loc_6,-8.11347627935361,114.40353739589033,54.57615664044985,65,43.35428340589441,Cloudy,31.011182762424987,Local
2024-01-01 14:00:00,Loc_6,-8.11347627935361,114.40353739589033,65.79849675173395,80,15.850628341062896,Rainy,21.57116226745504,Collector
2024-01-01 14:15:00,Loc_6,-8.11347627935361,114.40353739589033,78.37939730645004,56,16.31912086471405,Rainy,20.660388252574243,Arterial
2024-01-01 14:30:00,Loc_6,-8.11347627935361,114.40353739589033,21.90525624263651,25,33.75556054368766,Cloudy,25.71028519166258,Arterial
2024-01-01 14:45:00,Loc_6,-8.11347627935361,114.40353739589033,45.61872330443663,47,24.07051391150177,Rainy,27.20350206580615,Local
2024-01-01 15:00:00,Loc_6,-8.11347627935361,114.40353739589033,62.47254580841646,87,23.050815971275323,Rainy,32.71812729076727,Collector
2024-01-01 15:15:00,Loc_6,-8.11347627935361,114.40353739589033,21.592783240211048,76,22.108943281123032,Rainy,26.372755482230232,Arterial
2024-01-01 15:30:00,Loc_6,-8.11347627935361,114.40353739589033,74.94850777595275,38,17.338624790520413,Rainy,25.494845364551537,Local
2024-01-01 15:45:00,Loc_6,-8.11347627935361,114.40353739589033,25.331156420656868,74,47.8807231469993,Rainy,32.764805460159224,Arterial
2024-01-01 16:00:00,Loc_6,-8.11347627935361,114.40353739589033,46.63859221280289,10,48.59776969356696,Clear,24.0281600019215,Collector
2024-01-01 16:15:00,Loc_6,-8.11347627935361,114.40353739589033,45.24380251396106,35,38.87558655047775,Clear,20.966768688632946,Local
2024-01-01 16:30:00,Loc_6,-8.11347627935361,114.40353739589033,25.91671840288037,55,36.02476458693285,Cloudy,33.86935025902022,Collector
2024-01-01 16:45:00,Loc_6,-8.11347627935361,114.40353739589033,41.89697389539819,76,16.326696613185213,Clear,22.551973761724007,Local
2024-01-01 17:00:00,Loc_6,-8.11347627935361,114.40353739589033,75.78869928094832,60,36.2295671175132,Rainy,24.795246858883047,Local
2024-01-01 17:15:00,Loc_6,-8.11347627935361,114.40353739589033,45.72944461101467,36,17.64664300380755,Cloudy,27.55724035257576,Arterial
2024-01-01 17:30:00,Loc_6,-8.11347627935361,114.40353739589033,37.57627245886724,99,13.059885962394908,Clear,21.88782768769743,Arterial
2024-01-01 17:45:00,Loc_6,-8.11347627935361,114.40353739589033,47.20409341873287,28,32.893640697074694,Clear,22.35394679822603,Arterial
2024-01-01 18:00:00,Loc_6,-8.11347627935361,114.40353739589033,61.673777198251926,89,13.838411179140383,Clear,34.15440389879974,Collector
2024-01-01 18:15:00,Loc_6,-8.11347627935361,114.40353739589033,54.092665734065754,98,37.05478535839496,Rainy,33.28264672139871,Arterial
2024-01-01 18:30:00,Loc_6,-8.11347627935361,114.40353739589033,55.19427140500231,64,23.286940768346952,Clear,25.542752446474616,Arterial
2024-01-01 18:45:00,Loc_6,-8.11347627935361,114.40353739589033,70.13367916941009,33,10.572433199990812,Rainy,32.49484971420394,Collector
2024-01-01 19:00:00,Loc_6,-8.11347627935361,114.40353739589033,38.05569734540501,54,20.61181140627335,Cloudy,21.847644669444072,Collector
2024-01-01 19:15:00,Loc_6,-8.11347627935361,114.40353739589033,51.16061193906987,80,39.43834886086093,Rainy,30.054195905557176,Arterial
2024-01-01 19:30:00,Loc_6,-8.11347627935361,114.40353739589033,52.51876627020937,97,41.39394225889208,Rainy,24.387332921029465,Local
2024-01-01 19:45:00,Loc_6,-8.11347627935361,114.40353739589033,40.07514972809382,73,49.11621701671435,Clear,22.019994649550984,Arterial
2024-01-01 20:00:00,Loc_6,-8.11347627935361,114.40353739589033,78.61042732228391,16,46.91464146845078,Clear,25.95612183269185,Arterial
2024-01-01 20:15:00,Loc_6,-8.11347627935361,114.40353739589033,50.942964824549776,48,12.53168554613637,Rainy,34.16944673626291,Collector
2024-01-01 20:30:00,Loc_6,-8.11347627935361,114.40353739589033,79.51820017985892,32,22.63492838165171,Clear,27.39692470625677,Local
2024-01-01 20:45:00,Loc_6,-8.11347627935361,114.40353739589033,63.291565073343776,49,47.2317556876146,Cloudy,29.287519395948074,Local
2024-01-01 21:00:00,Loc_6,-8.11347627935361,114.40353739589033,27.023258105985864,80,21.11168788738989,Rainy,26.362105579888592,Collector
2024-01-01 21:15:00,Loc_6,-8.11347627935361,114.40353739589033,40.10400880119177,94,19.345126231760066,Clear,27.035547083349282,Local
2024-01-01 21:30:00,Loc_6,-8.11347627935361,114.40353739589033,37.156553230454115,49,45.809560181896686,Cloudy,20.079736103846987,Collector
2024-01-01 21:45:00,Loc_6,-8.11347627935361,114.40353739589033,31.853710944275843,34,23.851224343159537,Clear,29.84852394563218,Collector
2024-01-01 22:00:00,Loc_6,-8.11347627935361,114.40353739589033,52.470417799399286,48,33.0103296723114,Cloudy,30.264078628130278,Arterial
2024-01-01 22:15:00,Loc_6,-8.11347627935361,114.40353739589033,71.78062059568455,94,23.280725331558898,Clear,30.83933184776164,Local
2024-01-01 22:30:00,Loc_6,-8.11347627935361,114.40353739589033,56.16019504327001,70,10.178108682334944,Rainy,25.941097666682403,Local
2024-01-01 22:45:00,Loc_6,-8.11347627935361,114.40353739589033,56.63736615040196,76,41.75906418315972,Clear,23.942450839109927,Collector
2024-01-01 23:00:00,Loc_6,-8.11347627935361,114.40353739589033,45.50751596589884,36,49.823230593100966,Clear,24.47051629088372,Collector
2024-01-01 23:15:00,Loc_6,-8.11347627935361,114.40353739589033,28.641137807551885,20,46.499105686891326,Rainy,34.08260823467609,Local
2024-01-01 23:30:00,Loc_6,-8.11347627935361,114.40353739589033,41.89624853414858,95,27.953113310939976,Rainy,33.07738473674772,Local
2024-01-01 23:45:00,Loc_6,-8.11347627935361,114.40353739589033,69.21073903230082,67,25.028162585706898,Rainy,20.093864940046217,Local
2024-01-02 00:00:00,Loc_6,-8.11347627935361,114.40353739589033,74.99151893556903,34,31.997484161190503,Rainy,27.20513223461834,Collector
2024-01-02 00:15:00,Loc_6,-8.11347627935361,114.40353739589033,36.538227161078325,95,16.301869395667495,Cloudy,29.447867019715073,Arterial
2024-01-02 00:30:00,Loc_6,-8.11347627935361,114.40353739589033,44.930341872299664,33,47.07828436604303,Clear,20.408564260310392,Collector
2024-01-02 00:45:00,Loc_6,-8.11347627935361,114.40353739589033,78.38873423457247,32,21.050691180842133,Cloudy,20.461986375114115,Collector
2024-01-01 00:00:00,Loc_7,-8.010526654462247,114.32274014946219,38.160562903945916,47,38.98074517494561,Rainy,27.442282246059257,Local
2024-01-01 00:15:00,Loc_7,-8.010526654462247,114.32274014946219,50.2951193725414,25,25.041871151716034,Rainy,30.266117953282947,Collector
2024-01-01 00:30:00,Loc_7,-8.010526654462247,114.32274014946219,54.51718608012317,18,48.966463357916275,Clear,32.88120397592316,Local
2024-01-01 00:45:00,Loc_7,-8.010526654462247,114.32274014946219,29.725834798119813,30,31.28463558686399,Rainy,24.4733496095425,Local
2024-01-01 01:00:00,Loc_7,-8.010526654462247,114.32274014946219,36.795633952516454,93,27.500254831165783,Cloudy,28.554784481321498,Collector
2024-01-01 01:15:00,Loc_7,-8.010526654462247,114.32274014946219,42.06067389516042,97,26.60453335571068,Clear,30.324033164839246,Collector
2024-01-01 01:30:00,Loc_7,-8.010526654462247,114.32274014946219,45.42135596830154,58,46.80941060130393,Clear,29.59222114767337,Arterial
2024-01-01 01:45:00,Loc_7,-8.010526654462247,114.32274014946219,21.43688491622992,48,15.504835723201502,Cloudy,34.56939286712769,Arterial
2024-01-01 02:00:00,Loc_7,-8.010526654462247,114.32274014946219,75.82767666814604,51,25.989690137675904,Rainy,34.87618602655628,Local
2024-01-01 02:15:00,Loc_7,-8.010526654462247,114.32274014946219,35.60023175479439,89,29.02804271138133,Clear,21.445177072539572,Local
2024-01-01 02:30:00,Loc_7,-8.010526654462247,114.32274014946219,28.823912482254304,16,22.697959550207027,Clear,30.473391101042708,Arterial
2024-01-01 02:45:00,Loc_7,-8.010526654462247,114.32274014946219,72.81091170393657,83,22.36983006435929,Clear,21.090477467133844,Local
2024-01-01 03:00:00,Loc_7,-8.010526654462247,114.32274014946219,76.69192372991233,67,16.46101471707567,Cloudy,26.131800607387483,Arterial
2024-01-01 03:15:00,Loc_7,-8.010526654462247,114.32274014946219,32.208423996572584,40,44.55317897533795,Clear,23.57482078976405,Arterial
2024-01-01 03:30:00,Loc_7,-8.010526654462247,114.32274014946219,54.789621176473524,10,14.757402931428745,Cloudy,25.545978254635113,Local
2024-01-01 03:45:00,Loc_7,-8.010526654462247,114.32274014946219,68.55200527784795,87,47.59647427425478,Rainy,20.791312888415323,Local
2024-01-01 04:00:00,Loc_7,-8.010526654462247,114.32274014946219,77.80648450052917,97,27.658692545896784,Clear,28.12942023345902,Collector
2024-01-01 04:15:00,Loc_7,-8.010526654462247,114.32274014946219,20.16269055582326,46,47.01564259877025,Clear,24.794939033075078,Collector
2024-01-01 04:30:00,Loc_7,-8.010526654462247,114.32274014946219,21.871806367491306,66,18.440760562437063,Cloudy,29.87712595025161,Collector
2024-01-01 04:45:00,Loc_7,-8.010526654462247,114.32274014946219,26.903314769760577,35,13.744144423102957,Clear,20.27047285481331,Local
2024-01-01 05:00:00,Loc_7,-8.010526654462247,114.32274014946219,59.22491428552296,86,11.302001723181556,Clear,28.199310280610618,Arterial
2024-01-01 05:15:00,Loc_7,-8.010526654462247,114.32274014946219,52.51551336142728,79,14.807584165020389,Clear,26.346866733045157,Arterial
2024-01-01 05:30:00,Loc_7,-8.010526654462247,114.32274014946219,75.70121156491425,40,23.22768153343704,Cloudy,26.669934150859383,Collector
2024-01-01 05:45:00,Loc_7,-8.010526654462247,114.32274014946219,25.212047912324334,62,43.38688586036446,Rainy,29.66515611889166,Collector
2024-01-01 06:00:00,Loc_7,-8.010526654462247,114.32274014946219,27.390054957592255,95,12.297603325762516,Rainy,23.612880387018535,Local
2024-01-01 06:15:00,Loc_7,-8.010526654462247,114.32274014946219,64.48846756577355,92,24.008085084532492,Clear,28.00224141039422,Arterial
2024-01-01 06:30:00,Loc_7,-8.010526654462247,114.32274014946219,70.85933952281621,28,23.880569929626997,Clear,34.8840753819123,Arterial
2024-01-01 06:45:00,Loc_7,-8.010526654462247,114.32274014946219,78.39660214365222,14,47.97831251585552,Rainy,34.75734998835712,Arterial
2024-01-01 07:00:00,Loc_7,-8.010526654462247,114.32274014946219,24.812913633536755,87,28.174468008198488,Rainy,31.899158412824285,Arterial
2024-01-01 07:15:00,Loc_7,-8.010526654462247,114.32274014946219,24.71868793701424,48,46.66555723645299,Cloudy,29.41971683472644,Collector
2024-01-01 07:30:00,Loc_7,-8.010526654462247,114.32274014946219,42.07361488474574,53,48.571247449413214,Rainy,21.495670657280446,Collector
2024-01-01 07:45:00,Loc_7,-8.010526654462247,114.32274014946219,32.17340698075487,46,16.369618477887627,Rainy,34.547273028541056,Arterial
2024-01-01 08:00:00,Loc_7,-8.010526654462247,114.32274014946219,48.03944978403797,88,20.518117603123656,Rainy,31.75923874589184,Collector
2024-01-01 08:15:00,Loc_7,-8.010526654462247,114.32274014946219,58.104535616307,24,14.383705119527663,Cloudy,21.320170993892525,Arterial
2024-01-01 08:30:00,Loc_7,-8.010526654462247,114.32274014946219,38.14818082229614,12,23.793545282497487,Clear,34.97157933499099,Collector
2024-01-01 08:45:00,Loc_7,-8.010526654462247,114.32274014946219,45.59620066976666,73,18.03516151495009,Cloudy,22.926648419758234,Arterial
2024-01-01 09:00:00,Loc_7,-8.010526654462247,114.32274014946219,69.86290419439376,78,39.74644715039677,Clear,27.8725777267242,Local
2024-01-01 09:15:00,Loc_7,-8.010526654462247,114.32274014946219,53.56483759545701,90,30.648670420292955,Rainy,33.144515428336,Arterial
2024-01-01 09:30:00,Loc_7,-8.010526654462247,114.32274014946219,65.10065363623849,76,33.937215185944474,Cloudy,22.353742353837355,Arterial
2024-01-01 09:45:00,Loc_7,-8.010526654462247,114.32274014946219,77.0310999124913,64,11.11100600277175,Rainy,26.503145711797945,Arterial
2024-01-01 10:00:00,Loc_7,-8.010526654462247,114.32274014946219,41.636127483006035,19,29.47925345139062,Rainy,34.29237991387217,Arterial
2024-01-01 10:15:00,Loc_7,-8.010526654462247,114.32274014946219,23.636780435457027,50,23.209482856310775,Cloudy,30.065033142657466,Local
2024-01-01 10:30:00,Loc_7,-8.010526654462247,114.32274014946219,52.315519277204736,21,46.861570902211135,Clear,32.75047336258452,Arterial
2024-01-01 10:45:00,Loc_7,-8.010526654462247,114.32274014946219,54.160758451298385,66,16.673760633660223,Cloudy,32.09573807165317,Local
2024-01-01 11:00:00,Loc_7,-8.010526654462247,114.32274014946219,24.297197531839497,40,16.792979869408118,Clear,29.14363880893889,Collector
2024-01-01 11:15:00,Loc_7,-8.010526654462247,114.32274014946219,42.49385534710005,62,12.733821123667504,Rainy,29.261053841176437,Arterial
2024-01-01 11:30:00,Loc_7,-8.010526654462247,114.32274014946219,52.255686113393615,89,44.22719084339435,Clear,22.00047270317104,Collector
2024-01-01 11:45:00,Loc_7,-8.010526654462247,114.32274014946219,62.24730818549467,45,47.58790781435621,Rainy,26.91038048210638,Local
2024-01-01 12:00:00,Loc_7,-8.010526654462247,114.32274014946219,60.15452816959113,20,10.962571467837584,Rainy,28.627561819447898,Local
2024-01-01 12:15:00,Loc_7,-8.010526654462247,114.32274014946219,59.647165962267344,80,29.422745828270052,Cloudy,30.188441688842904,Arterial
2024-01-01 12:30:00,Loc_7,-8.010526654462247,114.32274014946219,79.46307864537835,65,33.45960567232475,Clear,32.88487901294251,Collector
2024-01-01 12:45:00,Loc_7,-8.010526654462247,114.32274014946219,67.8819313680425,48,22.345186244640438,Cloudy,29.900207765999887,Local
2024-01-01 13:00:00,Loc_7,-8.010526654462247,114.32274014946219,44.12040577830655,20,12.243094661812176,Cloudy,28.671414655448856,Arterial
2024-01-01 13:15:00,Loc_7,-8.010526654462247,114.32274014946219,76.27930767881111,39,22.824935298100936,Rainy,25.85535278497278,Collector
2024-01-01 13:30:00,Loc_7,-8.010526654462247,114.32274014946219,61.66940932500362,84,35.388676380772715,Clear,25.162899578590952,Local
2024-01-01 13:45:00,Loc_7,-8.010526654462247,114.32274014946219,58.35958608653378,11,20.92860013646834,Rainy,32.19631798945797,Local
2024-01-01 14:00:00,Loc_7,-8.010526654462247,114.32274014946219,27.724289147775952,51,49.804236273845525,Rainy,31.35405748142845,Collector
2024-01-01 14:15:00,Loc_7,-8.010526654462247,114.32274014946219,76.20733923971159,81,38.31277183347376,Cloudy,33.06816794701004,Collector
2024-01-01 14:30:00,Loc_7,-8.010526654462247,114.32274014946219,72.75578141327547,40,25.973799813641172,Clear,32.47616431048334,Local
2024-01-01 14:45:00,Loc_7,-8.010526654462247,114.32274014946219,75.56432192418711,30,11.710895923349307,Clear,30.50707616001659,Collector
2024-01-01 15:00:00,Loc_7,-8.010526654462247,114.32274014946219,28.53012530007006,91,49.47364880349903,Clear,22.095158502657505,Arterial
2024-01-01 15:15:00,Loc_7,-8.010526654462247,114.32274014946219,50.879307661806166,39,10.79186642853227,Cloudy,25.067877662438313,Arterial
2024-01-01 15:30:00,Loc_7,-8.010526654462247,114.32274014946219,37.48488500169563,77,46.685909301914165,Clear,27.885168820262237,Local
2024-01-01 15:45:00,Loc_7,-8.010526654462247,114.32274014946219,52.03053446006308,66,39.16517349636788,Rainy,23.19232449805208,Collector
2024-01-01 16:00:00,Loc_7,-8.010526654462247,114.32274014946219,60.64665867537591,94,13.215053568675025,Cloudy,21.69271735251224,Arterial
2024-01-01 16:15:00,Loc_7,-8.010526654462247,114.32274014946219,65.14998117124543,84,47.82721216794771,Cloudy,31.115709102509747,Collector
2024-01-01 16:30:00,Loc_7,-8.010526654462247,114.32274014946219,77.18457282742668,86,31.50294124672221,Cloudy,31.74453365358204,Collector
2024-01-01 16:45:00,Loc_7,-8.010526654462247,114.32274014946219,57.18458799818861,76,28.503015763635844,Clear,29.75829664767216,Local
2024-01-01 17:00:00,Loc_7,-8.010526654462247,114.32274014946219,28.643078525281037,13,38.22471614287178,Rainy,26.728801711754066,Local
2024-01-01 17:15:00,Loc_7,-8.010526654462247,114.32274014946219,66.49511043718428,25,49.53844039714588,Clear,32.20438447697989,Local
2024-01-01 17:30:00,Loc_7,-8.010526654462247,114.32274014946219,47.075979638022176,34,41.39680225211683,Cloudy,29.192596586584273,Arterial
2024-01-01 17:45:00,Loc_7,-8.010526654462247,114.32274014946219,23.76685931596888,10,27.86649939100228,Clear,22.367694212075417,Collector
2024-01-01 18:00:00,Loc_7,-8.010526654462247,114.32274014946219,79.26078972447982,84,47.03242632243455,Clear,21.142688943011187,Arterial
2024-01-01 18:15:00,Loc_7,-8.010526654462247,114.32274014946219,59.96446670082497,72,10.171494342689943,Clear,29.24331111622135,Arterial
2024-01-01 18:30:00,Loc_7,-8.010526654462247,114.32274014946219,33.35293188551504,66,31.723087562172083,Cloudy,29.61076657431886,Arterial
2024-01-01 18:45:00,Loc_7,-8.010526654462247,114.32274014946219,30.46185535019109,73,43.42065431130818,Cloudy,23.70912705163069,Local
2024-01-01 19:00:00,Loc_7,-8.010526654462247,114.32274014946219,48.363681956655185,76,41.55859485630976,Rainy,29.47850421302455,Collector
2024-01-01 19:15:00,Loc_7,-8.010526654462247,114.32274014946219,62.435898175336,43,24.388551426932267,Cloudy,24.703650207652707,Local
2024-01-01 19:30:00,Loc_7,-8.010526654462247,114.32274014946219,68.30703109640352,68,19.368512054248505,Cloudy,29.86108753487533,Local
2024-01-01 19:45:00,Loc_7,-8.010526654462247,114.32274014946219,26.13801821356671,11,30.44099836947888,Clear,33.8518124022632,Local
2024-01-01 20:00:00,Loc_7,-8.010526654462247,114.32274014946219,26.82725092496486,16,17.31706784842882,Clear,34.72838476674275,Local
2024-01-01 20:15:00,Loc_7,-8.010526654462247,114.32274014946219,38.80213717508248,24,20.866512830317912,Rainy,33.46253674478681,Collector
2024-01-01 20:30:00,Loc_7,-8.010526654462247,114.32274014946219,45.7738294207509,67,14.185622412133991,Cloudy,32.61992947728825,Local
2024-01-01 20:45:00,Loc_7,-8.010526654462247,114.32274014946219,38.10985122073094,79,29.974712102943553,Rainy,24.622730404373705,Arterial
2024-01-01 21:00:00,Loc_7,-8.010526654462247,114.32274014946219,46.876951642161124,20,34.55828382404462,Rainy,29.789143633149163,Arterial
2024-01-01 21:15:00,Loc_7,-8.010526654462247,114.32274014946219,29.687345648239834,58,41.19865472760747,Cloudy,28.687933031510386,Collector
2024-01-01 21:30:00,Loc_7,-8.010526654462247,114.32274014946219,43.825408424366394,32,39.34767896919877,Clear,30.450928593955783,Local
2024-01-01 21:45:00,Loc_7,-8.010526654462247,114.32274014946219,49.39044568944986,53,45.05616613285069,Cloudy,32.29602886977706,Local
2024-01-01 22:00:00,Loc_7,-8.010526654462247,114.32274014946219,49.55778393262996,61,33.99935495584577,Cloudy,27.78947273277597,Local
2024-01-01 22:15:00,Loc_7,-8.010526654462247,114.32274014946219,21.18571507966736,90,30.408744435032954,Clear,33.911242249020624,Local
2024-01-01 22:30:00,Loc_7,-8.010526654462247,114.32274014946219,72.49261041049185,32,12.866381666834501,Cloudy,31.779938738679903,Local
2024-01-01 22:45:00,Loc_7,-8.010526654462247,114.32274014946219,71.41960273807351,19,42.8447462503632,Clear,28.293315733403887,Collector
2024-01-01 23:00:00,Loc_7,-8.010526654462247,114.32274014946219,38.13786332579214,74,21.623494719740993,Rainy,34.06966497890119,Arterial
2024-01-01 23:15:00,Loc_7,-8.010526654462247,114.32274014946219,63.34573062847789,53,37.28752085934347,Rainy,31.55980125532698,Arterial
2024-01-01 23:30:00,Loc_7,-8.010526654462247,114.32274014946219,55.0175952403447,38,42.21317469120708,Rainy,30.602674926732384,Arterial
2024-01-01 23:45:00,Loc_7,-8.010526654462247,114.32274014946219,40.94358888230507,37,26.04747552948342,Clear,24.920323191574617,Local
2024-01-02 00:00:00,Loc_7,-8.010526654462247,114.32274014946219,28.67827513967655,19,44.380351035572346,Rainy,34.336947135982335,Collector
2024-01-02 00:15:00,Loc_7,-8.010526654462247,114.32274014946219,48.79834344263294,24,15.134004646045277,Rainy,21.63284451371283,Collector
2024-01-02 00:30:00,Loc_7,-8.010526654462247,114.32274014946219,72.27655137603932,58,37.79188931386791,Rainy,31.9424296554592,Local
2024-01-02 00:45:00,Loc_7,-8.010526654462247,114.32274014946219,53.97498480045597,96,25.60280804657634,Rainy,27.992845804931118,Arterial
2024-01-01 00:00:00,Loc_8,-8.075108462728306,114.30007355138156,48.58832205011076,31,22.000736860116533,Cloudy,29.17261524935084,Arterial
2024-01-01 00:15:00,Loc_8,-8.075108462728306,114.30007355138156,26.471976390621435,79,15.554182492665444,Cloudy,30.2314137699542,Arterial
2024-01-01 00:30:00,Loc_8,-8.075108462728306,114.30007355138156,29.036118814363792,82,33.72491988429033,Rainy,31.516371597514755,Collector
2024-01-01 00:45:00,Loc_8,-8.075108462728306,114.30007355138156,64.78535805302751,44,13.625450465675204,Rainy,33.80092686178217,Arterial
2024-01-01 01:00:00,Loc_8,-8.075108462728306,114.30007355138156,63.83031012752268,44,47.53876521824899,Rainy,22.89121179996492,Arterial
2024-01-01 01:15:00,Loc_8,-8.075108462728306,114.30007355138156,35.99967293880286,50,31.09947510038247,Clear,23.872233797952337,Arterial
2024-01-01 01:30:00,Loc_8,-8.075108462728306,114.30007355138156,58.55987830518659,98,46.984424890223416,Rainy,26.935860196129855,Local
2024-01-01 01:45:00,Loc_8,-8.075108462728306,114.30007355138156,30.84285093081474,81,45.59061185133781,Cloudy,30.76286340005519,Collector
2024-01-01 02:00:00,Loc_8,-8.075108462728306,114.30007355138156,46.395743882375996,21,16.32474096828615,Cloudy,27.314993645218287,Collector
2024-01-01 02:15:00,Loc_8,-8.075108462728306,114.30007355138156,70.5784168968052,29,27.87543351000194,Cloudy,25.3673212407652,Collector
2024-01-01 02:30:00,Loc_8,-8.075108462728306,114.30007355138156,78.82532942717505,37,27.72927281620337,Rainy,25.155807571661185,Local
2024-01-01 02:45:00,Loc_8,-8.075108462728306,114.30007355138156,51.18746998175697,43,32.94316476344618,Clear,20.236021313830307,Collector
2024-01-01 03:00:00,Loc_8,-8.075108462728306,114.30007355138156,41.18266855419704,53,30.594997918363745,Cloudy,23.340773047425145,Local
2024-01-01 03:15:00,Loc_8,-8.075108462728306,114.30007355138156,40.14352891603029,38,28.394264461674204,Clear,20.080589137924203,Local
2024-01-01 03:30:00,Loc_8,-8.075108462728306,114.30007355138156,44.278608295682254,55,16.236444014943196,Clear,21.76055278993727,Local
2024-01-01 03:45:00,Loc_8,-8.075108462728306,114.30007355138156,62.71137881662966,13,11.616687699325157,Cloudy,22.93638099392519,Arterial
2024-01-01 04:00:00,Loc_8,-8.075108462728306,114.30007355138156,53.00681494150572,87,45.45553583575377,Clear,29.156787893024575,Arterial
2024-01-01 04:15:00,Loc_8,-8.075108462728306,114.30007355138156,51.86571663559227,23,21.530208026826124,Clear,25.1913115021083,Collector
2024-01-01 04:30:00,Loc_8,-8.075108462728306,114.30007355138156,64.56491491720521,23,23.85201668514036,Clear,32.192537131255335,Collector
2024-01-01 04:45:00,Loc_8,-8.075108462728306,114.30007355138156,48.90087773857651,44,30.012521121278162,Clear,21.777277736266193,Collector
2024-01-01 05:00:00,Loc_8,-8.075108462728306,114.30007355138156,51.929920663141864,52,47.743790110365815,Clear,27.15367148830463,Arterial
2024-01-01 05:15:00,Loc_8,-8.075108462728306,114.30007355138156,46.28300795712404,84,30.380340941356398,Cloudy,31.15785913264716,Collector
2024-01-01 05:30:00,Loc_8,-8.075108462728306,114.30007355138156,40.495983776936,78,32.909808062925464,Rainy,30.07631713470075,Arterial
2024-01-01 05:45:00,Loc_8,-8.075108462728306,114.30007355138156,42.93749770687303,72,31.4663975348647,Clear,30.49803234029541,Local
2024-01-01 06:00:00,Loc_8,-8.075108462728306,114.30007355138156,37.06223193592567,37,45.87710554109718,Clear,31.689506090452383,Collector
2024-01-01 06:15:00,Loc_8,-8.075108462728306,114.30007355138156,20.36753126425053,49,38.84054823266216,Clear,32.442996210551975,Local
2024-01-01 06:30:00,Loc_8,-8.075108462728306,114.30007355138156,70.91456695000875,59,15.256334520671885,Cloudy,30.19956384631137,Collector
2024-01-01 06:45:00,Loc_8,-8.075108462728306,114.30007355138156,26.682234359688305,42,38.82516322868586,Clear,32.91700195310452,Collector
2024-01-01 07:00:00,Loc_8,-8.075108462728306,114.30007355138156,42.13680159206122,86,31.762353043607384,Cloudy,24.91046547988476,Arterial
2024-01-01 07:15:00,Loc_8,-8.075108462728306,114.30007355138156,72.41489712686949,74,34.71863220870912,Cloudy,29.512314906397762,Collector
2024-01-01 07:30:00,Loc_8,-8.075108462728306,114.30007355138156,39.04283981663228,61,46.10256939217927,Cloudy,29.052166139225832,Collector
2024-01-01 07:45:00,Loc_8,-8.075108462728306,114.30007355138156,64.506760287616,29,26.093603724204144,Cloudy,25.843714729897584,Collector
2024-01-01 08:00:00,Loc_8,-8.075108462728306,114.30007355138156,39.403768073184835,82,46.131611932281544,Cloudy,20.6517871596869,Local
2024-01-01 08:15:00,Loc_8,-8.075108462728306,114.30007355138156,58.407873941491005,81,34.9924799956127,Rainy,30.33364738376458,Arterial
2024-01-01 08:30:00,Loc_8,-8.075108462728306,114.30007355138156,54.89798730149993,54,22.367882363787807,Clear,23.779678258719734,Arterial
2024-01-01 08:45:00,Loc_8,-8.075108462728306,114.30007355138156,44.64171729189562,89,16.76315012255573,Rainy,27.87797440439854,Arterial
2024-01-01 09:00:00,Loc_8,-8.075108462728306,114.30007355138156,55.72513883087084,59,24.292168653209632,Clear,25.752707805167343,Arterial
2024-01-01 09:15:00,Loc_8,-8.075108462728306,114.30007355138156,79.38608623591887,61,21.68102560604399,Cloudy,26.781716033015268,Local
2024-01-01 09:30:00,Loc_8,-8.075108462728306,114.30007355138156,45.35310983151218,38,27.91966150834243,Clear,22.993552721407,Local
2024-01-01 09:45:00,Loc_8,-8.075108462728306,114.30007355138156,70.56063733314784,80,46.4781247015286,Cloudy,20.468605342929852,Local
2024-01-01 10:00:00,Loc_8,-8.075108462728306,114.30007355138156,70.93260960196133,31,23.64616358415978,Clear,32.813304914063224,Local
2024-01-01 10:15:00,Loc_8,-8.075108462728306,114.30007355138156,24.897439864398493,92,27.798036017694155,Clear,21.76503334274522,Collector
2024-01-01 10:30:00,Loc_8,-8.075108462728306,114.30007355138156,68.47718713231163,68,44.43903941951808,Rainy,29.071272340373746,Arterial
2024-01-01 10:45:00,Loc_8,-8.075108462728306,114.30007355138156,26.103420452234456,82,16.69063089934663,Rainy,27.68314954607532,Local
2024-01-01 11:00:00,Loc_8,-8.075108462728306,114.30007355138156,41.64900567802641,64,36.14710676242441,Clear,22.999099429619857,Local
2024-01-01 11:15:00,Loc_8,-8.075108462728306,114.30007355138156,72.25017688527245,56,11.309621824027737,Rainy,32.49744831484999,Collector
2024-01-01 11:30:00,Loc_8,-8.075108462728306,114.30007355138156,45.53778350930437,71,30.75949173094908,Clear,21.48360297385566,Local
2024-01-01 11:45:00,Loc_8,-8.075108462728306,114.30007355138156,73.29680706336265,17,16.003672540742038,Rainy,22.491583679676374,Collector
2024-01-01 12:00:00,Loc_8,-8.075108462728306,114.30007355138156,23.2714739140187,95,10.821795344369981,Rainy,24.130475506067306,Arterial
2024-01-01 12:15:00,Loc_8,-8.075108462728306,114.30007355138156,47.20258836882884,70,16.786549963319715,Rainy,30.357433937295138,Collector
2024-01-01 12:30:00,Loc_8,-8.075108462728306,114.30007355138156,40.71992789957824,94,21.562313666023236,Clear,22.105043715822877,Local
2024-01-01 12:45:00,Loc_8,-8.075108462728306,114.30007355138156,43.8467139145355,15,43.926205601021785,Clear,25.18487193081113,Arterial
2024-01-01 13:00:00,Loc_8,-8.075108462728306,114.30007355138156,40.370163174261364,61,49.29882290196701,Rainy,31.56678497669115,Collector
2024-01-01 13:15:00,Loc_8,-8.075108462728306,114.30007355138156,71.07085396418275,50,36.31505422461931,Cloudy,20.791699335215093,Local
2024-01-01 13:30:00,Loc_8,-8.075108462728306,114.30007355138156,62.73622436371215,17,17.659842446229575,Clear,30.48165436744527,Arterial
2024-01-01 13:45:00,Loc_8,-8.075108462728306,114.30007355138156,50.981963286238596,25,16.69876920832795,Rainy,20.446603900831352,Collector
2024-01-01 14:00:00,Loc_8,-8.075108462728306,114.30007355138156,48.20435913033788,82,18.68853300263565,Rainy,20.801160745932247,Collector
2024-01-01 14:15:00,Loc_8,-8.075108462728306,114.30007355138156,29.156149347650917,87,35.769839725999205,Cloudy,25.80162878552744,Arterial
2024-01-01 14:30:00,Loc_8,-8.075108462728306,114.30007355138156,69.50753343037942,39,39.66575091332417,Rainy,20.181474575401058,Collector
2024-01-01 14:45:00,Loc_8,-8.075108462728306,114.30007355138156,34.91741584347399,48,28.46527824665226,Cloudy,33.70228348914357,Collector
2024-01-01 15:00:00,Loc_8,-8.075108462728306,114.30007355138156,47.27573922457643,87,25.738976245138904,Cloudy,32.899463452607755,Local
2024-01-01 15:15:00,Loc_8,-8.075108462728306,114.30007355138156,53.73465259146751,52,35.27422047876321,Rainy,32.42155924865191,Collector
2024-01-01 15:30:00,Loc_8,-8.075108462728306,114.30007355138156,50.6742175816047,31,28.287838798670673,Rainy,33.05948203284889,Local
2024-01-01 15:45:00,Loc_8,-8.075108462728306,114.30007355138156,25.02195219641108,65,36.21623430535174,Clear,24.045222311028812,Arterial
2024-01-01 16:00:00,Loc_8,-8.075108462728306,114.30007355138156,63.115424471509236,41,43.962461258548956,Clear,33.91579938159568,Collector
2024-01-01 16:15:00,Loc_8,-8.075108462728306,114.30007355138156,27.700992492556498,42,34.092556634782696,Rainy,30.462579043725217,Local
2024-01-01 16:30:00,Loc_8,-8.075108462728306,114.30007355138156,26.819764944544335,35,39.63498624194442,Clear,33.937918197358435,Collector
2024-01-01 16:45:00,Loc_8,-8.075108462728306,114.30007355138156,32.467180297875345,85,18.939107697714338,Cloudy,30.279901417620877,Local
2024-01-01 17:00:00,Loc_8,-8.075108462728306,114.30007355138156,23.982092405010665,41,14.276299503784792,Rainy,24.207552846724866,Local
2024-01-01 17:15:00,Loc_8,-8.075108462728306,114.30007355138156,67.35169864941618,50,40.143009665417416,Clear,22.237576940245834,Local
2024-01-01 17:30:00,Loc_8,-8.075108462728306,114.30007355138156,49.23027475882009,14,37.23248869675998,Rainy,29.693426724364343,Collector
2024-01-01 17:45:00,Loc_8,-8.075108462728306,114.30007355138156,45.82508271400617,92,44.50454272634511,Clear,22.484190984751315,Local
2024-01-01 18:00:00,Loc_8,-8.075108462728306,114.30007355138156,52.3782095996243,87,32.848616460192986,Cloudy,22.723167957144504,Local
2024-01-01 18:15:00,Loc_8,-8.075108462728306,114.30007355138156,32.9418053569013,59,21.952669501774484,Clear,23.82224579900722,Arterial
2024-01-01 18:30:00,Loc_8,-8.075108462728306,114.30007355138156,34.598446630446325,77,10.768575294478818,Rainy,32.975308953910705,Arterial
2024-01-01 18:45:00,Loc_8,-8.075108462728306,114.30007355138156,57.979447295604494,32,39.71529461247952,Clear,31.385619774486088,Local
2024-01-01 19:00:00,Loc_8,-8.075108462728306,114.30007355138156,31.761006587321745,16,21.409784699145405,Cloudy,22.73005623432391,Collector
2024-01-01 19:15:00,Loc_8,-8.075108462728306,114.30007355138156,30.83609546688966,38,39.37966489937317,Cloudy,30.604702976504214,Collector
2024-01-01 19:30:00,Loc_8,-8.075108462728306,114.30007355138156,52.56643048426091,71,42.769653251448986,Rainy,32.58396205036587,Collector
2024-01-01 19:45:00,Loc_8,-8.075108462728306,114.30007355138156,46.3687541086334,45,29.406569810834128,Rainy,20.13340590926634,Collector
2024-01-01 20:00:00,Loc_8,-8.075108462728306,114.30007355138156,73.57571142494947,75,44.15338740088325,Rainy,24.670524242478287,Collector
2024-01-01 20:15:00,Loc_8,-8.075108462728306,114.30007355138156,54.68260485951721,77,13.424152110626446,Rainy,21.77241305775243,Local
2024-01-01 20:30:00,Loc_8,-8.075108462728306,114.30007355138156,26.096083704386892,38,40.11779223705719,Rainy,33.94937228741334,Arterial
2024-01-01 20:45:00,Loc_8,-8.075108462728306,114.30007355138156,24.78565583880425,46,30.451735627999298,Clear,33.99500464122933,Arterial
2024-01-01 21:00:00,Loc_8,-8.075108462728306,114.30007355138156,35.834384915352814,24,49.129411680962825,Cloudy,21.294432705414224,Collector
2024-01-01 21:15:00,Loc_8,-8.075108462728306,114.30007355138156,74.89927232985708,87,14.40857902668312,Rainy,27.057614526122386,Local
2024-01-01 21:30:00,Loc_8,-8.075108462728306,114.30007355138156,54.73273261547993,50,17.675983170589383,Clear,34.559971792268364,Arterial
2024-01-01 21:45:00,Loc_8,-8.075108462728306,114.30007355138156,75.51419809978427,36,22.33198182957141,Rainy,27.46980865339209,Local
2024-01-01 22:00:00,Loc_8,-8.075108462728306,114.30007355138156,54.81313670289211,74,16.16662631843154,Clear,21.45759855468543,Local
2024-01-01 22:15:00,Loc_8,-8.075108462728306,114.30007355138156,37.99289744770607,60,32.75768759507932,Rainy,31.579906940696603,Local
2024-01-01 22:30:00,Loc_8,-8.075108462728306,114.30007355138156,41.4344610622243,18,22.439992418180772,Clear,29.673690053980636,Local
2024-01-01 22:45:00,Loc_8,-8.075108462728306,114.30007355138156,34.566509844666385,87,36.66485087564764,Rainy,24.12591364919641,Local
2024-01-01 23:00:00,Loc_8,-8.075108462728306,114.30007355138156,64.40462015965144,22,48.65645120110137,Cloudy,22.37098476322858,Arterial
2024-01-01 23:15:00,Loc_8,-8.075108462728306,114.30007355138156,61.66900254422398,26,46.240462365871856,Rainy,30.507081533788707,Local
2024-01-01 23:30:00,Loc_8,-8.075108462728306,114.30007355138156,77.59267513064921,61,49.45008777229523,Rainy,26.846418848712908,Collector
2024-01-01 23:45:00,Loc_8,-8.075108462728306,114.30007355138156,60.78242739974444,55,23.42004088728553,Clear,23.271344304168778,Local
2024-01-02 00:00:00,Loc_8,-8.075108462728306,114.30007355138156,69.03450683394229,98,21.973339993812875,Rainy,21.22504127365407,Arterial
2024-01-02 00:15:00,Loc_8,-8.075108462728306,114.30007355138156,25.956409225332543,19,42.28456402806169,Clear,30.265029190672475,Arterial
2024-01-02 00:30:00,Loc_8,-8.075108462728306,114.30007355138156,73.78321326083179,63,25.452579625411044,Cloudy,34.3294123616755,Collector
2024-01-02 00:45:00,Loc_8,-8.075108462728306,114.30007355138156,50.989277627503355,68,20.42572828571897,Cloudy,20.303510812380125,Collector
2024-01-01 00:00:00,Loc_9,-8.021884551020722,114.27447619924851,21.316946079515276,33,16.17076265925704,Cloudy,27.155475812989984,Collector
2024-01-01 00:15:00,Loc_9,-8.021884551020722,114.27447619924851,24.274068888134444,27,30.59285868299164,Clear,27.19560801358955,Arterial
2024-01-01 00:30:00,Loc_9,-8.021884551020722,114.27447619924851,36.19647492820121,25,34.15402936107765,Rainy,33.22647572819844,Local
2024-01-01 00:45:00,Loc_9,-8.021884551020722,114.27447619924851,33.06897732537028,12,48.22927750375755,Rainy,30.118741493086716,Arterial
2024-01-01 01:00:00,Loc_9,-8.021884551020722,114.27447619924851,27.20034246712374,78,39.68930203727017,Rainy,23.85033542875763,Arterial
2024-01-01 01:15:00,Loc_9,-8.021884551020722,114.27447619924851,39.008443361764925,76,31.47640202987345,Cloudy,32.26985482942025,Local
2024-01-01 01:30:00,Loc_9,-8.021884551020722,114.27447619924851,31.449875045262083,51,44.932047406739024,Clear,22.589379687142863,Collector
2024-01-01 01:45:00,Loc_9,-8.021884551020722,114.27447619924851,34.92272989741063,19,47.493171289777464,Cloudy,23.543001914661843,Local
2024-01-01 02:00:00,Loc_9,-8.021884551020722,114.27447619924851,38.57854059458073,88,14.456440963958471,Clear,31.19728732338494,Local
2024-01-01 02:15:00,Loc_9,-8.021884551020722,114.27447619924851,53.415452563362265,71,36.051575830696706,Cloudy,31.37317921491123,Arterial
2024-01-01 02:30:00,Loc_9,-8.021884551020722,114.27447619924851,69.42368874607351,43,28.585347275522878,Clear,25.364814949131926,Arterial
2024-01-01 02:45:00,Loc_9,-8.021884551020722,114.27447619924851,76.7907285503121,76,35.61794157665362,Cloudy,29.325613259126403,Local
2024-01-01 03:00:00,Loc_9,-8.021884551020722,114.27447619924851,70.30072504166259,96,15.156015826786188,Rainy,27.448619450547138,Arterial
2024-01-01 03:15:00,Loc_9,-8.021884551020722,114.27447619924851,35.674588402153574,20,33.99225333022296,Rainy,32.912101223859324,Collector
2024-01-01 03:30:00,Loc_9,-8.021884551020722,114.27447619924851,26.399673975744516,30,32.224493333278126,Cloudy,22.195553764981266,Local
2024-01-01 03:45:00,Loc_9,-8.021884551020722,114.27447619924851,38.754595197917084,54,47.85781234426192,Clear,20.465208860202114,Arterial
2024-01-01 04:00:00,Loc_9,-8.021884551020722,114.27447619924851,54.404907035599614,15,23.97043178887259,Cloudy,22.679136471566196,Collector
2024-01-01 04:15:00,Loc_9,-8.021884551020722,114.27447619924851,67.16390403892353,57,28.760624624966823,Cloudy,21.313001542252888,Collector
2024-01-01 04:30:00,Loc_9,-8.021884551020722,114.27447619924851,51.59955142054568,89,40.50070564022025,Rainy,21.030991974269075,Local
2024-01-01 04:45:00,Loc_9,-8.021884551020722,114.27447619924851,78.3235328831965,25,14.194233510037257,Clear,33.644709430850334,Collector
2024-01-01 05:00:00,Loc_9,-8.021884551020722,114.27447619924851,67.07404956950518,17,40.4467339972503,Rainy,34.36579310660474,Arterial
2024-01-01 05:15:00,Loc_9,-8.021884551020722,114.27447619924851,59.55835572167013,85,44.584321447983925,Cloudy,29.47623745059399,Arterial
2024-01-01 05:30:00,Loc_9,-8.021884551020722,114.27447619924851,49.065358295092395,61,16.044546015513244,Clear,32.2460684040573,Arterial
2024-01-01 05:45:00,Loc_9,-8.021884551020722,114.27447619924851,66.65160908753126,34,28.40875338188797,Clear,26.013711247501025,Arterial
2024-01-01 06:00:00,Loc_9,-8.021884551020722,114.27447619924851,79.15057991587972,94,12.084932211406137,Rainy,31.21888834273102,Arterial
2024-01-01 06:15:00,Loc_9,-8.021884551020722,114.27447619924851,23.3974839746427,55,14.59445646925483,Clear,22.00501732520222,Arterial
2024-01-01 06:30:00,Loc_9,-8.021884551020722,114.27447619924851,29.969372536023755,14,44.665134391125335,Rainy,22.716263297507304,Arterial
2024-01-01 06:45:00,Loc_9,-8.021884551020722,114.27447619924851,78.43049696681348,86,47.315830127003224,Clear,32.2724677830876,Local
2024-01-01 07:00:00,Loc_9,-8.021884551020722,114.27447619924851,59.10798797360794,17,37.4552476731658,Clear,34.775858909382855,Local
2024-01-01 07:15:00,Loc_9,-8.021884551020722,114.27447619924851,35.7105903152909,99,38.31357617170667,Cloudy,29.90917959305863,Arterial
2024-01-01 07:30:00,Loc_9,-8.021884551020722,114.27447619924851,62.86487700002566,76,35.5233047066731,Cloudy,29.751614355901808,Local
2024-01-01 07:45:00,Loc_9,-8.021884551020722,114.27447619924851,71.97030338939715,90,43.46988230875735,Cloudy,21.534648664057222,Local
2024-01-01 08:00:00,Loc_9,-8.021884551020722,114.27447619924851,66.9722629625625,54,42.79124003161674,Rainy,23.850416606755278,Arterial
2024-01-01 08:15:00,Loc_9,-8.021884551020722,114.27447619924851,61.75961938145548,98,15.304469723586557,Clear,30.199728944659864,Local
2024-01-01 08:30:00,Loc_9,-8.021884551020722,114.27447619924851,69.82470498090512,85,32.921864601438365,Rainy,32.4114399042317,Collector
2024-01-01 08:45:00,Loc_9,-8.021884551020722,114.27447619924851,71.44624633525996,62,39.6447268436808,Cloudy,21.732347104405555,Collector
2024-01-01 09:00:00,Loc_9,-8.021884551020722,114.27447619924851,26.613877810213367,10,27.752942318162095,Clear,24.308921669733813,Arterial
2024-01-01 09:15:00,Loc_9,-8.021884551020722,114.27447619924851,76.72116982772465,13,35.92656230887589,Cloudy,22.354382591807642,Arterial
2024-01-01 09:30:00,Loc_9,-8.021884551020722,114.27447619924851,70.15327485441236,15,12.993708697398318,Clear,22.480763670429432,Local
2024-01-01 09:45:00,Loc_9,-8.021884551020722,114.27447619924851,31.64229888796117,59,18.09616717003266,Rainy,21.194755591774005,Local
2024-01-01 10:00:00,Loc_9,-8.021884551020722,114.27447619924851,35.350142948121274,59,19.660746941659347,Cloudy,25.458545974594717,Collector
2024-01-01 10:15:00,Loc_9,-8.021884551020722,114.27447619924851,32.236715968482,83,14.5110568140396,Clear,31.48042481543161,Local
2024-01-01 10:30:00,Loc_9,-8.021884551020722,114.27447619924851,24.124787421020606,55,39.287494878004324,Clear,27.90817293590237,Arterial
2024-01-01 10:45:00,Loc_9,-8.021884551020722,114.27447619924851,70.69358560845863,85,23.406346061036153,Cloudy,30.778774943154474,Arterial
2024-01-01 11:00:00,Loc_9,-8.021884551020722,114.27447619924851,64.44357668886747,85,30.5159406184263,Cloudy,28.543777447674913,Arterial
2024-01-01 11:15:00,Loc_9,-8.021884551020722,114.27447619924851,50.92931725117688,75,21.4410666723707,Clear,34.49900367809755,Arterial
2024-01-01 11:30:00,Loc_9,-8.021884551020722,114.27447619924851,23.881888326709163,76,49.743724208313935,Clear,26.673700939766263,Local
2024-01-01 11:45:00,Loc_9,-8.021884551020722,114.27447619924851,36.45859312831752,80,31.70000115512122,Cloudy,20.56180757029932,Collector
2024-01-01 12:00:00,Loc_9,-8.021884551020722,114.27447619924851,57.69332166208366,22,11.555405573356357,Clear,32.973393252734304,Arterial
2024-01-01 12:15:00,Loc_9,-8.021884551020722,114.27447619924851,34.31135469939308,55,20.82098496719086,Clear,20.19238675454741,Collector
2024-01-01 12:30:00,Loc_9,-8.021884551020722,114.27447619924851,40.51555462101557,81,23.853203670275896,Rainy,20.019873491384224,Arterial
2024-01-01 12:45:00,Loc_9,-8.021884551020722,114.27447619924851,43.80289132337688,50,36.11178158187987,Clear,29.2853255079931,Arterial
2024-01-01 13:00:00,Loc_9,-8.021884551020722,114.27447619924851,55.42993223299843,88,19.73677393600104,Rainy,32.30237626996343,Local
2024-01-01 13:15:00,Loc_9,-8.021884551020722,114.27447619924851,35.50660887522247,60,20.793530731467946,Rainy,28.318433862999825,Collector
2024-01-01 13:30:00,Loc_9,-8.021884551020722,114.27447619924851,48.795905358565335,75,21.317264792659017,Cloudy,34.452075212580965,Local
2024-01-01 13:45:00,Loc_9,-8.021884551020722,114.27447619924851,49.209780086347024,36,22.105013479117176,Clear,32.702719967045105,Collector
2024-01-01 14:00:00,Loc_9,-8.021884551020722,114.27447619924851,39.38153989555624,58,31.552586835510496,Cloudy,32.515201824468086,Arterial
2024-01-01 14:15:00,Loc_9,-8.021884551020722,114.27447619924851,55.3553807194127,98,20.435892826337565,Cloudy,20.801582283208454,Local
2024-01-01 14:30:00,Loc_9,-8.021884551020722,114.27447619924851,66.98656968470877,70,36.53947101434191,Rainy,29.762374468983047,Local
2024-01-01 14:45:00,Loc_9,-8.021884551020722,114.27447619924851,57.0819936382355,90,24.967401084504218,Cloudy,25.820394615001184,Arterial
2024-01-01 15:00:00,Loc_9,-8.021884551020722,114.27447619924851,60.85642003467692,81,12.879408722494347,Cloudy,24.395071131884155,Local
2024-01-01 15:15:00,Loc_9,-8.021884551020722,114.27447619924851,65.54330725438592,47,28.013309329456693,Clear,24.12404369202272,Collector
2024-01-01 15:30:00,Loc_9,-8.021884551020722,114.27447619924851,79.19494716788614,76,18.485269308773958,Clear,32.8094088183737,Local
2024-01-01 15:45:00,Loc_9,-8.021884551020722,114.27447619924851,67.66131723475883,25,47.04844385789482,Rainy,24.921931073070574,Local
2024-01-01 16:00:00,Loc_9,-8.021884551020722,114.27447619924851,70.21118931609902,32,14.715800643029304,Clear,33.41991401077141,Arterial
2024-01-01 16:15:00,Loc_9,-8.021884551020722,114.27447619924851,59.424432100099,54,32.34376434061528,Rainy,24.019172539350038,Arterial
2024-01-01 16:30:00,Loc_9,-8.021884551020722,114.27447619924851,20.09208856052996,55,20.89780596371197,Clear,22.825399218147652,Local
2024-01-01 16:45:00,Loc_9,-8.021884551020722,114.27447619924851,74.75866466190489,52,44.41338055127196,Clear,24.835984371049925,Local
2024-01-01 17:00:00,Loc_9,-8.021884551020722,114.27447619924851,55.10557803663171,11,26.952709649645552,Cloudy,20.671730485213697,Local
2024-01-01 17:15:00,Loc_9,-8.021884551020722,114.27447619924851,33.129932064894675,49,38.11135562393129,Rainy,23.028377434283865,Arterial
2024-01-01 17:30:00,Loc_9,-8.021884551020722,114.27447619924851,22.44244265992627,75,47.164570633639656,Clear,29.051158662584452,Arterial
2024-01-01 17:45:00,Loc_9,-8.021884551020722,114.27447619924851,78.7901466559415,51,15.134976157174474,Rainy,31.543652483005744,Collector
2024-01-01 18:00:00,Loc_9,-8.021884551020722,114.27447619924851,63.172824338224665,41,29.7830969474226,Cloudy,20.14908810624861,Collector
2024-01-01 18:15:00,Loc_9,-8.021884551020722,114.27447619924851,46.19380698289568,78,14.082468233132449,Cloudy,22.2494094935722,Arterial
2024-01-01 18:30:00,Loc_9,-8.021884551020722,114.27447619924851,56.28136610301777,90,27.724361598232477,Cloudy,22.61183624371029,Arterial
2024-01-01 18:45:00,Loc_9,-8.021884551020722,114.27447619924851,64.31007789028139,65,39.22537536935203,Cloudy,20.628878296168708,Arterial
2024-01-01 19:00:00,Loc_9,-8.021884551020722,114.27447619924851,71.25628984185255,18,21.671601934180423,Cloudy,21.142864396705427,Collector
2024-01-01 19:15:00,Loc_9,-8.021884551020722,114.27447619924851,72.39186126773365,86,41.28812013012697,Clear,33.45740991947495,Local
2024-01-01 19:30:00,Loc_9,-8.021884551020722,114.27447619924851,53.161455675332896,25,13.338368313236382,Rainy,20.630261467747918,Arterial
2024-01-01 19:45:00,Loc_9,-8.021884551020722,114.27447619924851,40.89241189739798,37,18.32313413196313,Clear,21.075254236742083,Collector
2024-01-01 20:00:00,Loc_9,-8.021884551020722,114.27447619924851,45.68082589442504,32,37.95716937878716,Rainy,34.50164006633613,Local
2024-01-01 20:15:00,Loc_9,-8.021884551020722,114.27447619924851,34.1881070508781,13,36.48694894733201,Clear,31.185664880288783,Collector
2024-01-01 20:30:00,Loc_9,-8.021884551020722,114.27447619924851,74.12452380052233,39,37.52882082060121,Clear,27.554174460310378,Collector
2024-01-01 20:45:00,Loc_9,-8.021884551020722,114.27447619924851,60.32643802369638,28,41.11083326151937,Rainy,34.70320386812187,Collector
2024-01-01 21:00:00,Loc_9,-8.021884551020722,114.27447619924851,75.50989994484542,58,44.48715504644619,Rainy,32.40358002192883,Arterial
2024-01-01 21:15:00,Loc_9,-8.021884551020722,114.27447619924851,62.91359398976554,81,13.593177687377075,Clear,31.854302881798105,Local
2024-01-01 21:30:00,Loc_9,-8.021884551020722,114.27447619924851,47.29565044799853,96,32.901035781662436,Clear,21.478774293038352,Arterial
2024-01-01 21:45:00,Loc_9,-8.021884551020722,114.27447619924851,55.02711606028182,79,49.65662122813649,Clear,21.87798002492847,Collector
2024-01-01 22:00:00,Loc_9,-8.021884551020722,114.27447619924851,66.67338887442466,85,14.42246289971564,Rainy,21.1989284524551,Local
2024-01-01 22:15:00,Loc_9,-8.021884551020722,114.27447619924851,57.89948357550324,33,35.86437879287996,Rainy,21.123090333845642,Collector
2024-01-01 22:30:00,Loc_9,-8.021884551020722,114.27447619924851,26.00471824764231,30,15.242278666412957,Rainy,25.08243071346657,Collector
2024-01-01 22:45:00,Loc_9,-8.021884551020722,114.27447619924851,57.854265581739746,85,48.336137426123805,Rainy,31.64969361980961,Local
2024-01-01 23:00:00,Loc_9,-8.021884551020722,114.27447619924851,45.28710260518795,84,32.02649592013647,Cloudy,24.415922012302794,Local
2024-01-01 23:15:00,Loc_9,-8.021884551020722,114.27447619924851,64.98353917279508,84,33.261066423561275,Rainy,24.022493239643378,Arterial
2024-01-01 23:30:00,Loc_9,-8.021884551020722,114.27447619924851,37.859488733927826,15,23.86703873072792,Cloudy,30.78198217081551,Arterial
2024-01-01 23:45:00,Loc_9,-8.021884551020722,114.27447619924851,24.77222453625606,53,36.143029369223406,Clear,27.253213166987464,Arterial
2024-01-02 00:00:00,Loc_9,-8.021884551020722,114.27447619924851,64.94390938942905,26,49.15246142644219,Cloudy,31.50597443432722,Local
2024-01-02 00:15:00,Loc_9,-8.021884551020722,114.27447619924851,25.865825353849488,58,21.464299705938004,Rainy,26.685139658313865,Arterial
2024-01-02 00:30:00,Loc_9,-8.021884551020722,114.27447619924851,26.32708261769463,15,16.05363749901987,Rainy,24.007400868204115,Local
2024-01-02 00:45:00,Loc_9,-8.021884551020722,114.27447619924851,47.001629303947595,80,18.000850067760293,Cloudy,28.72149482788216,Arterial
2024-01-01 00:00:00,Loc_10,-8.06526900260601,114.29423730373611,22.093485663512837,96,44.87587869577381,Rainy,22.548956489429553,Arterial
2024-01-01 00:15:00,Loc_10,-8.06526900260601,114.29423730373611,42.533511104820924,64,18.16245968996306,Rainy,29.742029898152403,Local
2024-01-01 00:30:00,Loc_10,-8.06526900260601,114.29423730373611,51.95080457678582,96,21.854383645497148,Clear,27.332633258880453,Local
2024-01-01 00:45:00,Loc_10,-8.06526900260601,114.29423730373611,72.90017833173573,37,15.06635226554296,Rainy,28.224839950870695,Arterial
2024-01-01 01:00:00,Loc_10,-8.06526900260601,114.29423730373611,20.470936720654898,18,16.22329295668097,Clear,33.887582759985705,Arterial
2024-01-01 01:15:00,Loc_10,-8.06526900260601,114.29423730373611,23.202499174896065,65,15.207307623915218,Rainy,23.308604493822806,Arterial
2024-01-01 01:30:00,Loc_10,-8.06526900260601,114.29423730373611,65.29647073405346,74,44.963452399653285,Clear,29.82585723637002,Collector
2024-01-01 01:45:00,Loc_10,-8.06526900260601,114.29423730373611,73.63806434726578,28,36.31755889707224,Cloudy,34.192949258795444,Local
2024-01-01 02:00:00,Loc_10,-8.06526900260601,114.29423730373611,27.42281911723317,18,45.98312577677537,Rainy,27.490107110993094,Local
2024-01-01 02:15:00,Loc_10,-8.06526900260601,114.29423730373611,75.75658217124098,17,23.26625718164689,Cloudy,31.137612212746376,Local
2024-01-01 02:30:00,Loc_10,-8.06526900260601,114.29423730373611,22.448797763161874,90,16.976796888393054,Cloudy,34.954149965744115,Collector
2024-01-01 02:45:00,Loc_10,-8.06526900260601,114.29423730373611,34.990504468627535,51,46.015202926574055,Cloudy,22.44665570582718,Arterial
2024-01-01 03:00:00,Loc_10,-8.06526900260601,114.29423730373611,49.062134514940425,76,37.72744055677084,Rainy,24.695070741232335,Local
2024-01-01 03:15:00,Loc_10,-8.06526900260601,114.29423730373611,41.48942809493114,61,36.1447029877193,Rainy,24.570203732679285,Collector
2024-01-01 03:30:00,Loc_10,-8.06526900260601,114.29423730373611,72.89012315090463,37,20.27736760359098,Cloudy,30.78080734393322,Local
2024-01-01 03:45:00,Loc_10,-8.06526900260601,114.29423730373611,79.67151263625364,55,34.466273689190785,Clear,31.656135905374217,Arterial
2024-01-01 04:00:00,Loc_10,-8.06526900260601,114.29423730373611,56.119938230150424,80,13.780766567538416,Cloudy,27.792782898142942,Collector
2024-01-01 04:15:00,Loc_10,-8.06526900260601,114.29423730373611,69.13181982324507,75,25.516520319449167,Clear,20.02007234384313,Collector
2024-01-01 04:30:00,Loc_10,-8.06526900260601,114.29423730373611,72.29629334572132,36,23.021019405944433,Rainy,31.117020430247916,Collector
2024-01-01 04:45:00,Loc_10,-8.06526900260601,114.29423730373611,72.36492743162789,66,27.0167027038084,Cloudy,31.850545749307592,Arterial
2024-01-01 05:00:00,Loc_10,-8.06526900260601,114.29423730373611,65.22278746954828,30,33.888816030760864,Cloudy,31.78796935938331,Collector
2024-01-01 05:15:00,Loc_10,-8.06526900260601,114.29423730373611,66.80208403803911,23,37.03637399382869,Cloudy,32.22848142528522,Local
2024-01-01 05:30:00,Loc_10,-8.06526900260601,114.29423730373611,66.74437836944145,79,33.03878466934718,Cloudy,25.05541345827409,Collector
2024-01-01 05:45:00,Loc_10,-8.06526900260601,114.29423730373611,73.44588660033057,74,13.232267478325653,Rainy,28.092428048458373,Local
2024-01-01 06:00:00,Loc_10,-8.06526900260601,114.29423730373611,22.40146321269224,44,41.02857190760161,Clear,32.75860409304121,Arterial
2024-01-01 06:15:00,Loc_10,-8.06526900260601,114.29423730373611,51.819083789877126,52,41.29488238572011,Clear,30.017452882519834,Collector
2024-01-01 06:30:00,Loc_10,-8.06526900260601,114.29423730373611,63.2777855783728,71,37.58023086221915,Cloudy,28.153276485125044,Local
2024-01-01 06:45:00,Loc_10,-8.06526900260601,114.29423730373611,74.4737632878194,65,46.06919141632958,Rainy,32.530979492301725,Local
2024-01-01 07:00:00,Loc_10,-8.06526900260601,114.29423730373611,22.98181649897576,96,23.80449908985252,Rainy,24.70522838041518,Local
2024-01-01 07:15:00,Loc_10,-8.06526900260601,114.29423730373611,44.085304321903706,80,28.1033967352726,Rainy,25.631351449827534,Arterial
2024-01-01 07:30:00,Loc_10,-8.06526900260601,114.29423730373611,75.10523331010597,13,39.742138512717816,Cloudy,22.360342164904615,Local
2024-01-01 07:45:00,Loc_10,-8.06526900260601,114.29423730373611,71.25841069364014,57,35.2257909476004,Cloudy,25.288983050180125,Local
2024-01-01 08:00:00,Loc_10,-8.06526900260601,114.29423730373611,64.76093282477612,80,49.33135778355403,Rainy,30.572542658165787,Local
2024-01-01 08:15:00,Loc_10,-8.06526900260601,114.29423730373611,52.043494715793656,84,37.56951904824278,Cloudy,25.564810652906875,Collector
2024-01-01 08:30:00,Loc_10,-8.06526900260601,114.29423730373611,21.882359224366446,71,27.767249503557228,Clear,28.16003315917363,Local
2024-01-01 08:45:00,Loc_10,-8.06526900260601,114.29423730373611,20.48942178922079,34,39.56384950221931,Rainy,22.800499782679175,Local
2024-01-01 09:00:00,Loc_10,-8.06526900260601,114.29423730373611,43.79525077939334,94,13.818433395634573,Cloudy,29.63931328657467,Local
2024-01-01 09:15:00,Loc_10,-8.06526900260601,114.29423730373611,32.728710896425014,48,43.29908134241466,Cloudy,21.36248506297528,Arterial
2024-01-01 09:30:00,Loc_10,-8.06526900260601,114.29423730373611,29.95967064715468,28,29.341348449746736,Clear,22.979036100938703,Collector
2024-01-01 09:45:00,Loc_10,-8.06526900260601,114.29423730373611,43.770509126104656,44,47.83266668031954,Cloudy,24.54922837399751,Collector
2024-01-01 10:00:00,Loc_10,-8.06526900260601,114.29423730373611,77.51476946874621,96,31.82631690490886,Rainy,34.238981496444524,Arterial
2024-01-01 10:15:00,Loc_10,-8.06526900260601,114.29423730373611,40.5737130612455,51,31.90941229057358,Cloudy,25.34830524919514,Arterial
2024-01-01 10:30:00,Loc_10,-8.06526900260601,114.29423730373611,53.54640449531856,83,28.822108760173528,Clear,31.244870261928597,Arterial
2024-01-01 10:45:00,Loc_10,-8.06526900260601,114.29423730373611,44.75658595352878,17,17.673691785211822,Cloudy,21.384655715398466,Collector
2024-01-01 11:00:00,Loc_10,-8.06526900260601,114.29423730373611,54.60250816279511,63,30.227083395566552,Rainy,23.919486929792722,Arterial
2024-01-01 11:15:00,Loc_10,-8.06526900260601,114.29423730373611,53.58084777964146,62,47.642731675934606,Rainy,32.60696133252001,Local
2024-01-01 11:30:00,Loc_10,-8.06526900260601,114.29423730373611,60.6636441482523,65,44.170583195155615,Clear,30.523267734716338,Local
2024-01-01 11:45:00,Loc_10,-8.06526900260601,114.29423730373611,20.40563295822473,30,38.42269748907215,Cloudy,24.85107724433882,Local
2024-01-01 12:00:00,Loc_10,-8.06526900260601,114.29423730373611,34.54926024922494,55,21.706168362561744,Rainy,31.44448551008528,Collector
2024-01-01 12:15:00,Loc_10,-8.06526900260601,114.29423730373611,23.41443642861888,17,39.01648779905317,Cloudy,30.952219057608172,Local
2024-01-01 12:30:00,Loc_10,-8.06526900260601,114.29423730373611,40.65845583877051,67,41.24871097413045,Clear,28.167124790406987,Arterial
2024-01-01 12:45:00,Loc_10,-8.06526900260601,114.29423730373611,55.670669274366404,55,27.867200235695677,Cloudy,24.370800885834313,Local
2024-01-01 13:00:00,Loc_10,-8.06526900260601,114.29423730373611,31.156917376216875,46,13.880338979700637,Cloudy,21.849302225261873,Arterial
2024-01-01 13:15:00,Loc_10,-8.06526900260601,114.29423730373611,47.60175708965562,22,15.546155246500817,Clear,31.386420970272958,Collector
2024-01-01 13:30:00,Loc_10,-8.06526900260601,114.29423730373611,33.035609852288225,54,31.79952041435508,Cloudy,27.426461831583765,Local
2024-01-01 13:45:00,Loc_10,-8.06526900260601,114.29423730373611,62.313170225182695,70,34.90044401610177,Cloudy,26.366090882793802,Arterial
2024-01-01 14:00:00,Loc_10,-8.06526900260601,114.29423730373611,45.648988187882466,29,28.541292142637925,Clear,33.43248588360233,Arterial
2024-01-01 14:15:00,Loc_10,-8.06526900260601,114.29423730373611,41.654547017891275,75,21.838173346803092,Rainy,32.30807099825739,Arterial
2024-01-01 14:30:00,Loc_10,-8.06526900260601,114.29423730373611,38.35538424548185,69,45.00259897295875,Rainy,25.502691497932716,Arterial
2024-01-01 14:45:00,Loc_10,-8.06526900260601,114.29423730373611,54.117807840115425,39,46.37674120406147,Clear,23.043084102901638,Local
2024-01-01 15:00:00,Loc_10,-8.06526900260601,114.29423730373611,70.92769615117378,10,34.348111699009266,Cloudy,28.242464285374716,Local
2024-01-01 15:15:00,Loc_10,-8.06526900260601,114.29423730373611,55.59348295503865,89,32.31225290623861,Clear,30.78870261137751,Arterial
2024-01-01 15:30:00,Loc_10,-8.06526900260601,114.29423730373611,29.901222870736014,64,33.331315163535905,Clear,33.335588282547604,Local
2024-01-01 15:45:00,Loc_10,-8.06526900260601,114.29423730373611,20.167834561749128,21,35.15957180581038,Rainy,34.617863725902005,Collector
2024-01-01 16:00:00,Loc_10,-8.06526900260601,114.29423730373611,58.1429967850829,99,13.187316328355179,Rainy,28.033566041412236,Arterial
2024-01-01 16:15:00,Loc_10,-8.06526900260601,114.29423730373611,63.629995012432715,62,27.89991009076335,Rainy,33.95976705994036,Local
2024-01-01 16:30:00,Loc_10,-8.06526900260601,114.29423730373611,62.39554085538318,13,31.844719122741342,Clear,31.83733246577203,Local
2024-01-01 16:45:00,Loc_10,-8.06526900260601,114.29423730373611,53.75786375301727,17,24.97613230086305,Cloudy,24.649318477965434,Collector
2024-01-01 17:00:00,Loc_10,-8.06526900260601,114.29423730373611,60.03417821599554,74,44.39396002675273,Rainy,28.41826492106953,Collector
2024-01-01 17:15:00,Loc_10,-8.06526900260601,114.29423730373611,52.354272914256526,67,15.983180822578786,Cloudy,31.399223335850976,Collector
2024-01-01 17:30:00,Loc_10,-8.06526900260601,114.29423730373611,70.84205219643529,91,10.064782107020317,Clear,32.73574196985153,Local
2024-01-01 17:45:00,Loc_10,-8.06526900260601,114.29423730373611,64.10477769825164,66,41.88087456971479,Clear,22.823635195059612,Arterial
2024-01-01 18:00:00,Loc_10,-8.06526900260601,114.29423730373611,71.23162446430824,61,40.30248508417364,Rainy,32.73086262944558,Arterial
2024-01-01 18:15:00,Loc_10,-8.06526900260601,114.29423730373611,48.004203463989285,84,33.586940460218365,Cloudy,29.39021112561828,Local
2024-01-01 18:30:00,Loc_10,-8.06526900260601,114.29423730373611,49.07275539983799,82,17.275570861365054,Clear,21.83546605391575,Arterial
2024-01-01 18:45:00,Loc_10,-8.06526900260601,114.29423730373611,66.26964905927088,92,13.257242096012899,Rainy,29.428390005689828,Local
2024-01-01 19:00:00,Loc_10,-8.06526900260601,114.29423730373611,21.492151229810005,36,43.51419533479398,Cloudy,31.63486118155209,Collector
2024-01-01 19:15:00,Loc_10,-8.06526900260601,114.29423730373611,35.63815345868164,67,15.32759757796487,Cloudy,31.151524888764534,Local
2024-01-01 19:30:00,Loc_10,-8.06526900260601,114.29423730373611,46.640290467276586,99,24.02721154144636,Clear,26.068296505858157,Arterial
2024-01-01 19:45:00,Loc_10,-8.06526900260601,114.29423730373611,72.34680366114473,34,14.927252050325205,Rainy,24.485153205653923,Collector
2024-01-01 20:00:00,Loc_10,-8.06526900260601,114.29423730373611,77.84687460817109,13,31.623426389751337,Clear,33.16182582174672,Local
2024-01-01 20:15:00,Loc_10,-8.06526900260601,114.29423730373611,77.87725736409544,55,36.8392969523515,Cloudy,29.57916286207618,Collector
2024-01-01 20:30:00,Loc_10,-8.06526900260601,114.29423730373611,34.619739393922714,35,12.226790841298065,Rainy,21.42592347538355,Collector
2024-01-01 20:45:00,Loc_10,-8.06526900260601,114.29423730373611,21.553555922180784,28,13.884119625599967,Clear,30.11457201682584,Local
2024-01-01 21:00:00,Loc_10,-8.06526900260601,114.29423730373611,74.61120662311265,93,18.207566377617397,Cloudy,30.560838323273586,Arterial
2024-01-01 21:15:00,Loc_10,-8.06526900260601,114.29423730373611,64.09201450440173,34,35.593248178565204,Rainy,34.43593144192663,Collector
2024-01-01 21:30:00,Loc_10,-8.06526900260601,114.29423730373611,29.031409690579864,57,22.52262007850463,Rainy,28.218071805315322,Local
2024-01-01 21:45:00,Loc_10,-8.06526900260601,114.29423730373611,30.079059891227534,32,42.55500373926177,Cloudy,26.94089197724203,Collector
2024-01-01 22:00:00,Loc_10,-8.06526900260601,114.29423730373611,78.35283987303544,13,13.32337548223936,Clear,22.062862061653615,Local
2024-01-01 22:15:00,Loc_10,-8.06526900260601,114.29423730373611,35.499425959240824,29,21.18396304283432,Cloudy,27.3378595388995,Local
2024-01-01 22:30:00,Loc_10,-8.06526900260601,114.29423730373611,72.35009414150696,67,48.971662300506594,Clear,33.18986521727895,Local
2024-01-01 22:45:00,Loc_10,-8.06526900260601,114.29423730373611,20.383795868415195,84,39.6717791742672,Rainy,25.904304648976403,Collector
2024-01-01 23:00:00,Loc_10,-8.06526900260601,114.29423730373611,54.837057182373684,16,32.60859136067327,Clear,30.189193405873134,Arterial
2024-01-01 23:15:00,Loc_10,-8.06526900260601,114.29423730373611,31.452257767680777,79,47.99513710432801,Clear,26.74157246177369,Local
2024-01-01 23:30:00,Loc_10,-8.06526900260601,114.29423730373611,54.74084975605123,59,23.290477156228974,Rainy,32.9991390564323,Arterial
2024-01-01 23:45:00,Loc_10,-8.06526900260601,114.29423730373611,45.78742030484925,64,28.59543123130182,Cloudy,30.227964525359347,Local
2024-01-02 00:00:00,Loc_10,-8.06526900260601,114.29423730373611,25.516630161461205,29,27.50890509024874,Rainy,34.52361501153925,Collector
2024-01-02 00:15:00,Loc_10,-8.06526900260601,114.29423730373611,21.312047285683132,59,20.100507051903456,Clear,26.389890236312688,Collector
2024-01-02 00:30:00,Loc_10,-8.06526900260601,114.29423730373611,33.220603174903275,46,31.668497907000134,Cloudy,21.04668445259301,Local
2024-01-02 00:45:00,Loc_10,-8.06526900260601,114.29423730373611,29.59723492879796,19,16.29346802050476,Cloudy,29.964926183559015,Local
