Timestamp,Location,Latitude,Longitude,Speed,Volume,Density,Weather,Temperature,RoadType
2024-01-01 00:00:00,Loc_1,-8.232406245844187,114.44937936266976,,45.0,15.958182731420543,Clear,32.45933922853757,Local
2024-01-01 00:15:00,Loc_1,-8.232406245844187,114.44937936266976,47.85039972224335,17.0,30.754077761331956,Clear,,Arterial
2024-01-01 00:30:00,Loc_1,-8.232406245844187,114.44937936266976,,,34.96075329788158,Rainy,22.09060371886695,Local
2024-01-01 00:45:00,Loc_1,-8.232406245844187,114.44937936266976,52.622451808005714,42.0,29.868136233358157,Clear,20.03378090019996,Collector
2024-01-01 01:00:00,Loc_1,-8.232406245844187,114.44937936266976,76.3670486339859,39.0,18.800308896896645,Cloudy,33.51584540887489,Arterial
2024-01-01 01:15:00,Loc_1,-8.232406245844187,114.44937936266976,70.91507108603702,,18.80178499997012,Cloudy,32.16575321609568,Arterial
2024-01-01 01:30:00,Loc_1,-8.232406245844187,114.44937936266976,,21.0,15.53149876289805,Rainy,32.142844903082576,Collector
2024-01-01 01:45:00,Loc_1,-8.232406245844187,114.44937936266976,28.419534641809392,96.0,,Clear,33.325293329273634,Arterial
2024-01-01 02:00:00,Loc_1,-8.232406245844187,114.44937936266976,63.48609327934878,,49.37108859073851,Clear,34.074388465863024,Local
2024-01-01 02:15:00,Loc_1,-8.232406245844187,114.44937936266976,,29.0,44.401757906948895,Clear,21.530924814680674,Local
2024-01-01 02:30:00,Loc_1,-8.232406245844187,114.44937936266976,26.80397730323341,14.0,,Clear,21.764517799558195,Local
2024-01-01 02:45:00,Loc_1,-8.232406245844187,114.44937936266976,52.839680659237715,87.0,25.511305530842243,Cloudy,,Arterial
2024-01-01 03:00:00,Loc_1,-8.232406245844187,114.44937936266976,,61.0,42.4549893904254,Clear,27.414577885472823,Local
2024-01-01 03:15:00,Loc_1,-8.232406245844187,114.44937936266976,45.778897470843916,,11.820650490469529,Rainy,23.53959684474272,Local
2024-01-01 03:30:00,Loc_1,-8.232406245844187,114.44937936266976,69.1382099436544,37.0,42.48719873429294,Rainy,,Arterial
2024-01-01 03:45:00,Loc_1,-8.232406245844187,114.44937936266976,36.72075229201985,94.0,,Rainy,24.784760755357173,Collector
2024-01-01 04:00:00,Loc_1,-8.232406245844187,114.44937936266976,68.46070599571736,87.0,24.61279158298011,Rainy,27.616399365893038,Local
2024-01-01 04:15:00,Loc_1,-8.232406245844187,114.44937936266976,58.94348273824499,,,Rainy,25.21760451339307,Arterial
2024-01-01 04:30:00,Loc_1,-8.232406245844187,114.44937936266976,33.899720148734225,47.0,14.765834439426433,Clear,24.149944574123438,Collector
2024-01-01 04:45:00,Loc_1,-8.232406245844187,114.44937936266976,,17.0,44.960019230561905,Clear,27.758672855359016,Collector
2024-01-01 05:00:00,Loc_1,-8.232406245844187,114.44937936266976,52.27950806081991,89.0,43.52965851047034,Rainy,21.46602614903068,Arterial
2024-01-01 05:15:00,Loc_1,-8.232406245844187,114.44937936266976,,10.0,43.13953128589188,Rainy,32.99192630137354,Local
2024-01-01 05:30:00,Loc_1,-8.232406245844187,114.44937936266976,64.71047810053567,37.0,,Clear,22.334277929105333,Collector
2024-01-01 05:45:00,Loc_1,-8.232406245844187,114.44937936266976,51.74984441400824,44.0,27.81718522595159,Cloudy,32.96207591964348,Local
2024-01-01 06:00:00,Loc_1,-8.232406245844187,114.44937936266976,47.475210279667735,70.0,20.132956746651626,Clear,23.754399693250267,Local
2024-01-01 06:15:00,Loc_1,-8.232406245844187,114.44937936266976,71.61109024763354,85.0,30.661227182144245,Rainy,31.35044610702862,Collector
2024-01-01 06:30:00,Loc_1,-8.232406245844187,114.44937936266976,,42.0,32.21813002845108,Clear,,Collector
2024-01-01 06:45:00,Loc_1,-8.232406245844187,114.44937936266976,41.11005562129572,51.0,31.47070815412405,Rainy,24.25694869364633,Collector
2024-01-01 07:00:00,Loc_1,-8.232406245844187,114.44937936266976,38.778634109275686,17.0,46.57701971494906,Clear,32.26423312357208,Local
2024-01-01 07:15:00,Loc_1,-8.232406245844187,114.44937936266976,47.681882442060754,37.0,28.66420605710561,Clear,23.02472307480786,Arterial
2024-01-01 07:30:00,Loc_1,-8.232406245844187,114.44937936266976,22.221229606263524,39.0,33.18539024301521,Rainy,34.458960476293754,Local
2024-01-01 07:45:00,Loc_1,-8.232406245844187,114.44937936266976,24.02831130806281,24.0,40.09185409022524,Cloudy,,Collector
2024-01-01 08:00:00,Loc_1,-8.232406245844187,114.44937936266976,22.51419692087726,56.0,,Clear,34.41477556515165,Local
2024-01-01 08:15:00,Loc_1,-8.232406245844187,114.44937936266976,57.88076558991074,37.0,42.27859261049113,Clear,23.763951890002296,Collector
2024-01-01 08:30:00,Loc_1,-8.232406245844187,114.44937936266976,30.469210544957832,79.0,45.50862609066208,Clear,27.780625406217688,Local
2024-01-01 08:45:00,Loc_1,-8.232406245844187,114.44937936266976,43.36837160599974,41.0,30.1392960358273,Clear,23.101941763764813,Collector
2024-01-01 09:00:00,Loc_1,-8.232406245844187,114.44937936266976,40.59823261964156,72.0,43.13622770957967,Clear,,Collector
2024-01-01 09:15:00,Loc_1,-8.232406245844187,114.44937936266976,47.125361894762776,35.0,24.30963074076366,Cloudy,22.03309647986332,Collector
2024-01-01 09:30:00,Loc_1,-8.232406245844187,114.44937936266976,40.58505391692886,35.0,40.63114281603589,Clear,29.74658457079091,Local
2024-01-01 09:45:00,Loc_1,-8.232406245844187,114.44937936266976,,26.0,21.522865320013945,Rainy,32.5792196872826,Collector
2024-01-01 10:00:00,Loc_1,-8.232406245844187,114.44937936266976,69.87319689279917,25.0,,Rainy,22.923187148649077,Local
2024-01-01 10:15:00,Loc_1,-8.232406245844187,114.44937936266976,41.77038641416735,38.0,10.325431420598914,Rainy,,Local
2024-01-01 10:30:00,Loc_1,-8.232406245844187,114.44937936266976,,61.0,18.069562903310562,Rainy,,Collector
2024-01-01 10:45:00,Loc_1,-8.232406245844187,114.44937936266976,31.906412995226994,,49.818230149580444,Clear,,Collector
2024-01-01 11:00:00,Loc_1,-8.232406245844187,114.44937936266976,35.31759436173341,60.0,16.317799045071467,Rainy,34.31954539252343,Collector
2024-01-01 11:15:00,Loc_1,-8.232406245844187,114.44937936266976,,71.0,,Rainy,28.117788324892572,Collector
2024-01-01 11:30:00,Loc_1,-8.232406245844187,114.44937936266976,56.148384228911084,99.0,12.85792731040777,Rainy,32.28506972299546,Arterial
2024-01-01 11:45:00,Loc_1,-8.232406245844187,114.44937936266976,52.96446036818574,23.0,49.19983950905078,Rainy,,Local
2024-01-01 12:00:00,Loc_1,-8.232406245844187,114.44937936266976,45.48530567108245,78.0,,Rainy,29.593384498505145,Collector
2024-01-01 12:15:00,Loc_1,-8.232406245844187,114.44937936266976,37.60472212129851,27.0,40.10070483591856,Rainy,24.489398985037106,Collector
2024-01-01 12:30:00,Loc_1,-8.232406245844187,114.44937936266976,76.30666078010397,44.0,43.17570704072888,Cloudy,26.88271885669077,Local
2024-01-01 12:45:00,Loc_1,-8.232406245844187,114.44937936266976,22.412770457492087,91.0,14.84883858004531,Clear,,Local
2024-01-01 13:00:00,Loc_1,-8.232406245844187,114.44937936266976,42.885222885712594,21.0,,Cloudy,32.13924351074056,Local
2024-01-01 13:15:00,Loc_1,-8.232406245844187,114.44937936266976,65.20474379749751,,,Rainy,24.19555437824935,Arterial
2024-01-01 13:30:00,Loc_1,-8.232406245844187,114.44937936266976,30.415886919836943,73.0,32.94758806183883,Clear,26.8068664344073,Local
2024-01-01 13:45:00,Loc_1,-8.232406245844187,114.44937936266976,56.73912335023339,21.0,,Rainy,34.9267956673023,Collector
2024-01-01 14:00:00,Loc_1,-8.232406245844187,114.44937936266976,41.09537408572122,77.0,32.768652450273045,Cloudy,,Arterial
2024-01-01 14:15:00,Loc_1,-8.232406245844187,114.44937936266976,35.61408697092483,,20.998270291251792,Rainy,20.636338698147362,Arterial
2024-01-01 14:30:00,Loc_1,-8.232406245844187,114.44937936266976,,81.0,33.073638586776326,Cloudy,24.65000198006068,Collector
2024-01-01 14:45:00,Loc_1,-8.232406245844187,114.44937936266976,63.78541037244822,24.0,40.81957561239146,Cloudy,20.295682814700204,Collector
2024-01-01 15:00:00,Loc_1,-8.232406245844187,114.44937936266976,48.367520041960475,26.0,31.153906233907705,Cloudy,22.727494532383286,Local
2024-01-01 15:15:00,Loc_1,-8.232406245844187,114.44937936266976,64.6018516144535,58.0,20.87713882380224,Rainy,,Local
2024-01-01 15:30:00,Loc_1,-8.232406245844187,114.44937936266976,26.94797465233933,,,Clear,,Arterial
2024-01-01 15:45:00,Loc_1,-8.232406245844187,114.44937936266976,68.29045742473346,46.0,,Rainy,20.854497120127903,Arterial
2024-01-01 16:00:00,Loc_1,-8.232406245844187,114.44937936266976,39.97657775073648,72.0,23.32298736796003,Clear,25.01419735115591,Local
2024-01-01 16:15:00,Loc_1,-8.232406245844187,114.44937936266976,24.949045486846842,49.0,,Clear,28.628357211528584,Local
2024-01-01 16:30:00,Loc_1,-8.232406245844187,114.44937936266976,29.170024687027585,,33.98551559642783,Clear,20.966905723887724,Local
2024-01-01 16:45:00,Loc_1,-8.232406245844187,114.44937936266976,23.788711965732045,14.0,47.854777280049596,Clear,32.68564415747182,Arterial
2024-01-01 17:00:00,Loc_1,-8.232406245844187,114.44937936266976,42.07652577303712,44.0,30.110830492691328,Cloudy,,Local
2024-01-01 17:15:00,Loc_1,-8.232406245844187,114.44937936266976,72.01261906394244,32.0,18.604395787334912,Cloudy,,Arterial
2024-01-01 17:30:00,Loc_1,-8.232406245844187,114.44937936266976,48.23801758424339,,32.10959230054344,Rainy,22.475177415223186,Local
2024-01-01 17:45:00,Loc_1,-8.232406245844187,114.44937936266976,76.65182859835474,,12.370563565805401,Rainy,32.18637253483053,Arterial
2024-01-01 18:00:00,Loc_1,-8.232406245844187,114.44937936266976,54.69897707442679,,,Clear,25.684168572266064,Local
2024-01-01 18:15:00,Loc_1,-8.232406245844187,114.44937936266976,23.06897358340683,11.0,12.81088344801927,Cloudy,33.35404251569523,Collector
2024-01-01 18:30:00,Loc_1,-8.232406245844187,114.44937936266976,42.23083982163007,63.0,,Cloudy,22.016974488627152,Collector
2024-01-01 18:45:00,Loc_1,-8.232406245844187,114.44937936266976,51.334954091803915,,34.60421824035704,Rainy,34.00550725338219,Local
2024-01-01 19:00:00,Loc_1,-8.232406245844187,114.44937936266976,22.13350459259455,56.0,28.458428304036424,Clear,30.008673530739436,Local
2024-01-01 19:15:00,Loc_1,-8.232406245844187,114.44937936266976,40.70607388740294,75.0,47.33314957596007,Rainy,20.868348794815674,Collector
2024-01-01 19:30:00,Loc_1,-8.232406245844187,114.44937936266976,73.56529938029337,97.0,21.248774774723657,Cloudy,,Collector
2024-01-01 19:45:00,Loc_1,-8.232406245844187,114.44937936266976,70.67594033619602,28.0,14.162186117735903,Rainy,,Arterial
2024-01-01 20:00:00,Loc_1,-8.232406245844187,114.44937936266976,,88.0,16.944725582124832,Clear,27.810500174632857,Collector
2024-01-01 20:15:00,Loc_1,-8.232406245844187,114.44937936266976,,36.0,38.819464598813276,Cloudy,26.988276478398852,Collector
2024-01-01 20:30:00,Loc_1,-8.232406245844187,114.44937936266976,23.251411906753482,68.0,,Rainy,29.31961466331478,Local
2024-01-01 20:45:00,Loc_1,-8.232406245844187,114.44937936266976,20.30805619146786,,36.176892751855945,Cloudy,28.087068624275147,Collector
2024-01-01 21:00:00,Loc_1,-8.232406245844187,114.44937936266976,24.000876431526834,72.0,35.82511044129666,Rainy,30.492529848594764,Collector
2024-01-01 21:15:00,Loc_1,-8.232406245844187,114.44937936266976,27.543694707435368,57.0,48.32574197067238,Cloudy,29.015532981916955,Collector
2024-01-01 21:30:00,Loc_1,-8.232406245844187,114.44937936266976,57.855368581224965,,40.01674250536928,Rainy,,Arterial
2024-01-01 21:45:00,Loc_1,-8.232406245844187,114.44937936266976,,68.0,28.178482409743786,Cloudy,,Arterial
2024-01-01 22:00:00,Loc_1,-8.232406245844187,114.44937936266976,60.720281955643,76.0,13.438103897757404,Cloudy,29.0835266651975,Local
2024-01-01 22:15:00,Loc_1,-8.232406245844187,114.44937936266976,49.17490284211138,14.0,33.15819900674509,Cloudy,29.588062961209282,Arterial
2024-01-01 22:30:00,Loc_1,-8.232406245844187,114.44937936266976,,,,Rainy,,Arterial
2024-01-01 22:45:00,Loc_1,-8.232406245844187,114.44937936266976,21.123053889461822,,29.67705935211804,Rainy,33.89985141577398,Collector
2024-01-01 23:00:00,Loc_1,-8.232406245844187,114.44937936266976,41.05219222268039,81.0,31.102828643617947,Clear,24.05152086217399,Arterial
2024-01-01 23:15:00,Loc_1,-8.232406245844187,114.44937936266976,,37.0,,Clear,20.009871198424396,Local
2024-01-01 23:30:00,Loc_1,-8.232406245844187,114.44937936266976,41.83181390601047,29.0,45.567457545683425,Rainy,22.206396079245415,Arterial
2024-01-01 23:45:00,Loc_1,-8.232406245844187,114.44937936266976,,,31.70160897773676,Cloudy,33.87077789769924,Arterial
2024-01-02 00:00:00,Loc_1,-8.232406245844187,114.44937936266976,32.39286989565466,,31.476540708956705,Cloudy,25.131912092305893,Arterial
2024-01-02 00:15:00,Loc_1,-8.232406245844187,114.44937936266976,33.18447799793846,45.0,49.13556873235447,Rainy,24.610106181788996,Collector
2024-01-02 00:30:00,Loc_1,-8.232406245844187,114.44937936266976,62.10754217973594,34.0,39.05922149254012,Cloudy,27.468631833048512,Local
2024-01-02 00:45:00,Loc_1,-8.232406245844187,114.44937936266976,76.53795346637855,46.0,,Clear,34.95333280098539,Collector
2024-01-01 00:00:00,Loc_2,-8.487152120841296,114.27986329226472,65.79047969639873,34.0,28.97824544703633,Clear,25.82114003077552,Collector
2024-01-01 00:15:00,Loc_2,-8.487152120841296,114.27986329226472,,10.0,10.329327528202889,Rainy,30.010363929879176,Collector
2024-01-01 00:30:00,Loc_2,-8.487152120841296,114.27986329226472,48.62082961622553,,41.591736988876754,Rainy,23.822838708491233,Local
2024-01-01 00:45:00,Loc_2,-8.487152120841296,114.27986329226472,72.48085667276175,91.0,,Clear,,Local
2024-01-01 01:00:00,Loc_2,-8.487152120841296,114.27986329226472,75.53320639029053,46.0,22.217691505465716,Clear,26.136535784714816,Arterial
2024-01-01 01:15:00,Loc_2,-8.487152120841296,114.27986329226472,69.35326946833278,43.0,18.10791493885111,Cloudy,31.030999024844423,Arterial
2024-01-01 01:30:00,Loc_2,-8.487152120841296,114.27986329226472,24.071397749688877,30.0,43.339666630167685,Cloudy,32.92231736462955,Collector
2024-01-01 01:45:00,Loc_2,-8.487152120841296,114.27986329226472,30.161210227734365,,38.20939704571523,Cloudy,27.335982330594767,Local
2024-01-01 02:00:00,Loc_2,-8.487152120841296,114.27986329226472,21.12811398443528,83.0,45.28246863347551,Cloudy,20.547945788844057,Arterial
2024-01-01 02:15:00,Loc_2,-8.487152120841296,114.27986329226472,58.040682517250424,42.0,39.65772231815676,Rainy,33.92588174964058,Arterial
2024-01-01 02:30:00,Loc_2,-8.487152120841296,114.27986329226472,29.030313219406576,,19.20537774466299,Clear,32.99580915141731,Collector
2024-01-01 02:45:00,Loc_2,-8.487152120841296,114.27986329226472,23.201182705179473,92.0,,Cloudy,30.72326831922635,Local
2024-01-01 03:00:00,Loc_2,-8.487152120841296,114.27986329226472,30.419036100617134,40.0,10.635370963278813,Clear,23.5643587341356,Collector
2024-01-01 03:15:00,Loc_2,-8.487152120841296,114.27986329226472,35.73406853906104,88.0,10.449927223458971,Clear,,Collector
2024-01-01 03:30:00,Loc_2,-8.487152120841296,114.27986329226472,59.97197807573648,,,Cloudy,21.444775449759003,Arterial
2024-01-01 03:45:00,Loc_2,-8.487152120841296,114.27986329226472,72.56203864011377,,47.675846114362805,Clear,31.670024729792154,Local
2024-01-01 04:00:00,Loc_2,-8.487152120841296,114.27986329226472,39.36386386541743,68.0,47.873608085123884,Clear,20.438321006904005,Collector
2024-01-01 04:15:00,Loc_2,-8.487152120841296,114.27986329226472,25.172666812771297,41.0,21.900206641151886,Rainy,31.58319283110113,Arterial
2024-01-01 04:30:00,Loc_2,-8.487152120841296,114.27986329226472,46.25359531530115,86.0,11.053576509667442,Clear,22.693584116734783,Local
2024-01-01 04:45:00,Loc_2,-8.487152120841296,114.27986329226472,72.58184349167973,50.0,37.87675341990737,Clear,31.33320137154123,Local
2024-01-01 05:00:00,Loc_2,-8.487152120841296,114.27986329226472,76.50379283110203,23.0,,Cloudy,31.64169405285948,Arterial
2024-01-01 05:15:00,Loc_2,-8.487152120841296,114.27986329226472,69.80833665348307,39.0,18.74107901135202,Cloudy,,Local
2024-01-01 05:30:00,Loc_2,-8.487152120841296,114.27986329226472,75.75930707413542,77.0,,Cloudy,24.196592823254335,Local
2024-01-01 05:45:00,Loc_2,-8.487152120841296,114.27986329226472,65.32003421906023,39.0,25.935092286342424,Clear,,Local
2024-01-01 06:00:00,Loc_2,-8.487152120841296,114.27986329226472,79.93518037359553,84.0,,Rainy,30.43523700939642,Arterial
2024-01-01 06:15:00,Loc_2,-8.487152120841296,114.27986329226472,50.88174609565584,,12.182733726271007,Clear,25.837237638575694,Collector
2024-01-01 06:30:00,Loc_2,-8.487152120841296,114.27986329226472,67.82077976592055,35.0,,Clear,29.91871653809111,Local
2024-01-01 06:45:00,Loc_2,-8.487152120841296,114.27986329226472,26.457745908099948,89.0,11.819786786588695,Clear,21.416573031608696,Arterial
2024-01-01 07:00:00,Loc_2,-8.487152120841296,114.27986329226472,46.42739450405641,78.0,23.058057508657534,Cloudy,,Local
2024-01-01 07:15:00,Loc_2,-8.487152120841296,114.27986329226472,77.03725827684518,,23.30778650023085,Rainy,,Local
2024-01-01 07:30:00,Loc_2,-8.487152120841296,114.27986329226472,27.394863897006555,26.0,48.2546019220901,Cloudy,32.336963554493096,Arterial
2024-01-01 07:45:00,Loc_2,-8.487152120841296,114.27986329226472,53.8482009974541,85.0,,Rainy,,Arterial
2024-01-01 08:00:00,Loc_2,-8.487152120841296,114.27986329226472,53.56579270411102,66.0,41.67395103960396,Cloudy,23.782927528239203,Collector
2024-01-01 08:15:00,Loc_2,-8.487152120841296,114.27986329226472,56.731079363831796,12.0,31.12084602145684,Rainy,25.258731789076563,Local
2024-01-01 08:30:00,Loc_2,-8.487152120841296,114.27986329226472,,,49.38351580108941,Cloudy,27.025041622992013,Collector
2024-01-01 08:45:00,Loc_2,-8.487152120841296,114.27986329226472,34.87969611773579,81.0,21.831098013050592,Cloudy,22.567035476893768,Collector
2024-01-01 09:00:00,Loc_2,-8.487152120841296,114.27986329226472,39.52329899748939,,25.86871726723722,Clear,29.13886901620576,Local
2024-01-01 09:15:00,Loc_2,-8.487152120841296,114.27986329226472,21.198003363665954,11.0,39.05072312448227,Clear,,Local
2024-01-01 09:30:00,Loc_2,-8.487152120841296,114.27986329226472,72.03668873151766,46.0,10.18474265012689,Rainy,25.824621356869933,Local
2024-01-01 09:45:00,Loc_2,-8.487152120841296,114.27986329226472,,71.0,21.494431452524438,Cloudy,34.823109836765546,Local
2024-01-01 10:00:00,Loc_2,-8.487152120841296,114.27986329226472,25.796241642627834,,,Clear,34.01085944333067,Arterial
2024-01-01 10:15:00,Loc_2,-8.487152120841296,114.27986329226472,,88.0,39.34083496561261,Rainy,24.549427613305284,Collector
2024-01-01 10:30:00,Loc_2,-8.487152120841296,114.27986329226472,28.421467499942715,76.0,18.68208291330136,Rainy,25.29424142554425,Arterial
2024-01-01 10:45:00,Loc_2,-8.487152120841296,114.27986329226472,64.89926575701811,53.0,34.86910644898096,Rainy,28.712195622369883,Collector
2024-01-01 11:00:00,Loc_2,-8.487152120841296,114.27986329226472,68.47557279488156,71.0,44.33465901457307,Cloudy,22.314948047330308,Collector
2024-01-01 11:15:00,Loc_2,-8.487152120841296,114.27986329226472,57.12954674507037,73.0,24.974132648350256,Clear,,Collector
2024-01-01 11:30:00,Loc_2,-8.487152120841296,114.27986329226472,75.30022860634747,11.0,41.81136627079984,Cloudy,33.07479110906924,Collector
2024-01-01 11:45:00,Loc_2,-8.487152120841296,114.27986329226472,,47.0,20.661104258212795,Rainy,21.712846152734603,Collector
2024-01-01 12:00:00,Loc_2,-8.487152120841296,114.27986329226472,27.6654313855277,91.0,19.24563844663128,Cloudy,28.673305787530843,Arterial
2024-01-01 12:15:00,Loc_2,-8.487152120841296,114.27986329226472,,,,Cloudy,21.96102792281096,Arterial
2024-01-01 12:30:00,Loc_2,-8.487152120841296,114.27986329226472,45.64208992426681,77.0,13.166887763915858,Clear,26.72882049606325,Local
2024-01-01 12:45:00,Loc_2,-8.487152120841296,114.27986329226472,38.464695425409275,,28.49369219264394,Clear,23.470720613551098,Arterial
2024-01-01 13:00:00,Loc_2,-8.487152120841296,114.27986329226472,49.510516457358676,37.0,10.29995872289784,Clear,30.396945417595273,Arterial
2024-01-01 13:15:00,Loc_2,-8.487152120841296,114.27986329226472,39.383208017019555,59.0,40.33261111585431,Rainy,20.20674342081387,Arterial
2024-01-01 13:30:00,Loc_2,-8.487152120841296,114.27986329226472,22.27898770295194,23.0,,Rainy,,Local
2024-01-01 13:45:00,Loc_2,-8.487152120841296,114.27986329226472,24.768598888396518,67.0,43.96121310723754,Cloudy,26.262214049106436,Local
2024-01-01 14:00:00,Loc_2,-8.487152120841296,114.27986329226472,30.139201393728996,97.0,,Rainy,24.39323110624815,Arterial
2024-01-01 14:15:00,Loc_2,-8.487152120841296,114.27986329226472,55.10474676796717,,43.35821222576139,Rainy,,Arterial
2024-01-01 14:30:00,Loc_2,-8.487152120841296,114.27986329226472,64.09951100669451,54.0,20.659964897740956,Clear,24.734838580773655,Arterial
2024-01-01 14:45:00,Loc_2,-8.487152120841296,114.27986329226472,28.370648968749435,63.0,24.718534154093142,Clear,34.41368614567468,Collector
2024-01-01 15:00:00,Loc_2,-8.487152120841296,114.27986329226472,47.162893519474075,83.0,11.964570867824493,Clear,29.119375355906755,Collector
2024-01-01 15:15:00,Loc_2,-8.487152120841296,114.27986329226472,28.318212145612165,31.0,47.60305653979389,Cloudy,33.962349227039844,Arterial
2024-01-01 15:30:00,Loc_2,-8.487152120841296,114.27986329226472,72.1741256585716,91.0,40.05980144049528,Clear,27.689792280903475,Local
2024-01-01 15:45:00,Loc_2,-8.487152120841296,114.27986329226472,67.3960885803298,82.0,17.289991226878772,Rainy,21.037361433972784,Local
2024-01-01 16:00:00,Loc_2,-8.487152120841296,114.27986329226472,47.09635504009039,81.0,27.45734166303538,Rainy,33.08769882797385,Arterial
2024-01-01 16:15:00,Loc_2,-8.487152120841296,114.27986329226472,37.21999027554139,42.0,46.22711962673856,Clear,,Arterial
2024-01-01 16:30:00,Loc_2,-8.487152120841296,114.27986329226472,,23.0,40.587321329405505,Cloudy,24.17824835721671,Arterial
2024-01-01 16:45:00,Loc_2,-8.487152120841296,114.27986329226472,69.39401667689562,33.0,,Clear,32.55338617710311,Arterial
2024-01-01 17:00:00,Loc_2,-8.487152120841296,114.27986329226472,42.085863108863364,39.0,43.290777396486014,Clear,27.003321241590584,Arterial
2024-01-01 17:15:00,Loc_2,-8.487152120841296,114.27986329226472,30.851130232805296,78.0,41.67465664350466,Rainy,29.818682051851663,Local
2024-01-01 17:30:00,Loc_2,-8.487152120841296,114.27986329226472,,19.0,35.95804945362466,Rainy,26.663702191383347,Local
2024-01-01 17:45:00,Loc_2,-8.487152120841296,114.27986329226472,33.115713790579974,,,Rainy,29.945212960019706,Collector
2024-01-01 18:00:00,Loc_2,-8.487152120841296,114.27986329226472,48.01076309833023,64.0,,Rainy,26.538878691162065,Arterial
2024-01-01 18:15:00,Loc_2,-8.487152120841296,114.27986329226472,44.11896454058906,23.0,48.38663662741905,Rainy,27.159116496073402,Arterial
2024-01-01 18:30:00,Loc_2,-8.487152120841296,114.27986329226472,57.31602652177337,24.0,17.184452290142573,Cloudy,,Arterial
2024-01-01 18:45:00,Loc_2,-8.487152120841296,114.27986329226472,59.12304766818198,60.0,37.18780034625961,Rainy,29.171168036411224,Local
2024-01-01 19:00:00,Loc_2,-8.487152120841296,114.27986329226472,47.4555823482341,43.0,21.28182412879533,Cloudy,23.13263169594113,Collector
2024-01-01 19:15:00,Loc_2,-8.487152120841296,114.27986329226472,29.444878463406745,95.0,13.018990323446822,Cloudy,25.486012767751603,Local
2024-01-01 19:30:00,Loc_2,-8.487152120841296,114.27986329226472,51.34013843814674,16.0,33.15661935070497,Rainy,32.63486236266102,Arterial
2024-01-01 19:45:00,Loc_2,-8.487152120841296,114.27986329226472,25.85092171166192,44.0,22.4080398635264,Clear,25.176474119798755,Local
2024-01-01 20:00:00,Loc_2,-8.487152120841296,114.27986329226472,,22.0,30.43011884205312,Rainy,,Collector
2024-01-01 20:15:00,Loc_2,-8.487152120841296,114.27986329226472,62.38107616255953,67.0,29.311010274189492,Cloudy,29.988097273307375,Arterial
2024-01-01 20:30:00,Loc_2,-8.487152120841296,114.27986329226472,43.613776471196736,52.0,,Rainy,29.414523455777527,Collector
2024-01-01 20:45:00,Loc_2,-8.487152120841296,114.27986329226472,,,44.28034689846161,Rainy,24.53502258431666,Local
2024-01-01 21:00:00,Loc_2,-8.487152120841296,114.27986329226472,64.44595015957441,41.0,47.00508529372946,Cloudy,,Collector
2024-01-01 21:15:00,Loc_2,-8.487152120841296,114.27986329226472,42.86499110564377,53.0,31.831373427476322,Clear,34.699377814866736,Arterial
2024-01-01 21:30:00,Loc_2,-8.487152120841296,114.27986329226472,25.59370780156295,98.0,26.20266980893534,Rainy,,Local
2024-01-01 21:45:00,Loc_2,-8.487152120841296,114.27986329226472,38.548151664090355,40.0,18.444236927253336,Cloudy,,Arterial
2024-01-01 22:00:00,Loc_2,-8.487152120841296,114.27986329226472,40.373554604260846,,19.17466639578393,Cloudy,34.51301044942001,Collector
2024-01-01 22:15:00,Loc_2,-8.487152120841296,114.27986329226472,32.53828057649959,21.0,,Clear,,Arterial
2024-01-01 22:30:00,Loc_2,-8.487152120841296,114.27986329226472,23.083696836837632,24.0,21.796783823069127,Cloudy,,Local
2024-01-01 22:45:00,Loc_2,-8.487152120841296,114.27986329226472,67.70814899567134,89.0,38.76223425780718,Clear,30.043671274778326,Arterial
2024-01-01 23:00:00,Loc_2,-8.487152120841296,114.27986329226472,39.48173520646466,,35.39705166111695,Rainy,26.646241534870555,Arterial
2024-01-01 23:15:00,Loc_2,-8.487152120841296,114.27986329226472,66.30053449817099,85.0,16.46420929690864,Rainy,24.369406986925735,Collector
2024-01-01 23:30:00,Loc_2,-8.487152120841296,114.27986329226472,64.043681275305,91.0,31.086720670839192,Clear,33.826586054062844,Arterial
2024-01-01 23:45:00,Loc_2,-8.487152120841296,114.27986329226472,47.91728050863125,44.0,41.46245718944648,Cloudy,,Local
2024-01-02 00:00:00,Loc_2,-8.487152120841296,114.27986329226472,66.13474493751367,24.0,,Rainy,20.50948749058576,Arterial
2024-01-02 00:15:00,Loc_2,-8.487152120841296,114.27986329226472,24.57720460338664,41.0,43.46877688346585,Cloudy,21.261925981521227,Local
2024-01-02 00:30:00,Loc_2,-8.487152120841296,114.27986329226472,29.842318943146587,94.0,,Rainy,34.2866158965807,Collector
2024-01-02 00:45:00,Loc_2,-8.487152120841296,114.27986329226472,28.377402513459845,85.0,10.510425727242602,Clear,,Local
2024-01-01 00:00:00,Loc_3,-8.351836139471114,114.3006940590569,59.43836949437523,51.0,44.39109880123303,Cloudy,21.85294940322351,Arterial
2024-01-01 00:15:00,Loc_3,-8.351836139471114,114.3006940590569,58.289496739505765,93.0,35.84377741414035,Clear,30.09478888190314,Arterial
2024-01-01 00:30:00,Loc_3,-8.351836139471114,114.3006940590569,55.19534310462358,99.0,20.859071074683165,Rainy,20.96719410996717,Arterial
2024-01-01 00:45:00,Loc_3,-8.351836139471114,114.3006940590569,50.52215260648957,56.0,,Clear,32.52209113212044,Collector
2024-01-01 01:00:00,Loc_3,-8.351836139471114,114.3006940590569,25.483146584972683,67.0,,Clear,20.817081176376856,Arterial
2024-01-01 01:15:00,Loc_3,-8.351836139471114,114.3006940590569,,24.0,34.70162218723723,Rainy,28.532022840103444,Collector
2024-01-01 01:30:00,Loc_3,-8.351836139471114,114.3006940590569,66.00239208112848,68.0,46.82615030385926,Cloudy,25.38241874819652,Collector
2024-01-01 01:45:00,Loc_3,-8.351836139471114,114.3006940590569,49.977039314594684,64.0,17.66169826756657,Cloudy,24.12957594642247,Local
2024-01-01 02:00:00,Loc_3,-8.351836139471114,114.3006940590569,60.18832001916521,56.0,32.9864470223882,Clear,33.262354445628674,Collector
2024-01-01 02:15:00,Loc_3,-8.351836139471114,114.3006940590569,23.832938353757815,44.0,45.29629684368398,Clear,,Local
2024-01-01 02:30:00,Loc_3,-8.351836139471114,114.3006940590569,,,,Rainy,30.97343235714046,Arterial
2024-01-01 02:45:00,Loc_3,-8.351836139471114,114.3006940590569,57.53848649158643,38.0,,Cloudy,28.224013877429172,Local
2024-01-01 03:00:00,Loc_3,-8.351836139471114,114.3006940590569,67.56506813250073,70.0,12.114249215281028,Clear,24.922012743255976,Collector
2024-01-01 03:15:00,Loc_3,-8.351836139471114,114.3006940590569,59.77514759374056,12.0,10.594148974692622,Clear,23.348752926869714,Arterial
2024-01-01 03:30:00,Loc_3,-8.351836139471114,114.3006940590569,27.57551798046087,93.0,32.760361346036305,Clear,23.02117954284348,Collector
2024-01-01 03:45:00,Loc_3,-8.351836139471114,114.3006940590569,63.87011291608485,59.0,43.47385195306616,Cloudy,29.895798559468297,Local
2024-01-01 04:00:00,Loc_3,-8.351836139471114,114.3006940590569,56.99875990409126,19.0,17.834426348640925,Clear,32.18259009798064,Local
2024-01-01 04:15:00,Loc_3,-8.351836139471114,114.3006940590569,74.00695008650294,89.0,36.325716999434206,Clear,20.44706504833459,Collector
2024-01-01 04:30:00,Loc_3,-8.351836139471114,114.3006940590569,59.77923453065499,39.0,29.382851202776827,Cloudy,25.39535491644669,Collector
2024-01-01 04:45:00,Loc_3,-8.351836139471114,114.3006940590569,63.24902693648132,,,Clear,,Local
2024-01-01 05:00:00,Loc_3,-8.351836139471114,114.3006940590569,,39.0,12.914804155403314,Cloudy,,Collector
2024-01-01 05:15:00,Loc_3,-8.351836139471114,114.3006940590569,49.41887549092766,73.0,46.047727981363934,Rainy,33.799537831973225,Arterial
2024-01-01 05:30:00,Loc_3,-8.351836139471114,114.3006940590569,71.42942616617665,25.0,21.58308170390306,Rainy,23.768765840355837,Collector
2024-01-01 05:45:00,Loc_3,-8.351836139471114,114.3006940590569,25.29008567988015,48.0,17.121235475422996,Cloudy,25.26181133745063,Collector
2024-01-01 06:00:00,Loc_3,-8.351836139471114,114.3006940590569,64.63994921820598,43.0,36.99027242078373,Cloudy,,Collector
2024-01-01 06:15:00,Loc_3,-8.351836139471114,114.3006940590569,42.086915380219075,27.0,31.853019797303055,Clear,31.820068056951598,Local
2024-01-01 06:30:00,Loc_3,-8.351836139471114,114.3006940590569,67.77888818877871,99.0,25.74836182506332,Clear,28.099174106833757,Arterial
2024-01-01 06:45:00,Loc_3,-8.351836139471114,114.3006940590569,51.51659339746422,35.0,19.639032074409293,Clear,31.233702634088104,Collector
2024-01-01 07:00:00,Loc_3,-8.351836139471114,114.3006940590569,45.01167988069611,,11.634300677090597,Rainy,,Arterial
2024-01-01 07:15:00,Loc_3,-8.351836139471114,114.3006940590569,,63.0,35.61672566291106,Cloudy,27.05177787412728,Collector
2024-01-01 07:30:00,Loc_3,-8.351836139471114,114.3006940590569,28.235505709507876,,30.386135620863072,Cloudy,23.40137255726824,Local
2024-01-01 07:45:00,Loc_3,-8.351836139471114,114.3006940590569,44.17555363760306,,10.694736081616467,Clear,31.713569501233216,Local
2024-01-01 08:00:00,Loc_3,-8.351836139471114,114.3006940590569,,,42.54936579310473,Cloudy,29.9501244766005,Local
2024-01-01 08:15:00,Loc_3,-8.351836139471114,114.3006940590569,69.23065835401383,36.0,46.518755430303095,Rainy,34.38213227183908,Local
2024-01-01 08:30:00,Loc_3,-8.351836139471114,114.3006940590569,60.35900739514102,12.0,23.806119371514743,Clear,32.76217857162314,Collector
2024-01-01 08:45:00,Loc_3,-8.351836139471114,114.3006940590569,21.04898010047354,41.0,,Clear,,Collector
2024-01-01 09:00:00,Loc_3,-8.351836139471114,114.3006940590569,37.610357427287894,83.0,28.94401691567857,Clear,21.498640280239186,Collector
2024-01-01 09:15:00,Loc_3,-8.351836139471114,114.3006940590569,78.91472926536369,,29.808828810076918,Rainy,33.79581466115717,Collector
2024-01-01 09:30:00,Loc_3,-8.351836139471114,114.3006940590569,,40.0,13.344578302806731,Rainy,23.47481766655514,Arterial
2024-01-01 09:45:00,Loc_3,-8.351836139471114,114.3006940590569,72.65916196814213,53.0,41.58008307047048,Cloudy,22.08735823976183,Local
2024-01-01 10:00:00,Loc_3,-8.351836139471114,114.3006940590569,,39.0,16.81127964256305,Rainy,,Arterial
2024-01-01 10:15:00,Loc_3,-8.351836139471114,114.3006940590569,68.07282210853545,13.0,45.518618064840744,Rainy,26.18062729594053,Collector
2024-01-01 10:30:00,Loc_3,-8.351836139471114,114.3006940590569,,27.0,33.78255616005762,Cloudy,30.896702002314292,Arterial
2024-01-01 10:45:00,Loc_3,-8.351836139471114,114.3006940590569,56.79174747011019,,,Cloudy,,Collector
2024-01-01 11:00:00,Loc_3,-8.351836139471114,114.3006940590569,42.86953655094865,42.0,48.082695211333736,Cloudy,27.40406012980811,Collector
2024-01-01 11:15:00,Loc_3,-8.351836139471114,114.3006940590569,,,39.287446489088836,Rainy,34.57439125671062,Local
2024-01-01 11:30:00,Loc_3,-8.351836139471114,114.3006940590569,62.04892942822541,,12.831863601747887,Cloudy,29.652968920969776,Arterial
2024-01-01 11:45:00,Loc_3,-8.351836139471114,114.3006940590569,25.74587721186959,62.0,41.6377186525798,Rainy,31.54194632329093,Collector
2024-01-01 12:00:00,Loc_3,-8.351836139471114,114.3006940590569,24.161767796276074,35.0,38.39999469306513,Cloudy,27.778924038418886,Local
2024-01-01 12:15:00,Loc_3,-8.351836139471114,114.3006940590569,41.42816722491924,,40.137676694443314,Cloudy,21.58773214560989,Collector
2024-01-01 12:30:00,Loc_3,-8.351836139471114,114.3006940590569,47.21921969530507,22.0,29.212938540561982,Cloudy,34.59464239864661,Collector
2024-01-01 12:45:00,Loc_3,-8.351836139471114,114.3006940590569,,64.0,49.594847352097304,Cloudy,25.40707005814314,Collector
2024-01-01 13:00:00,Loc_3,-8.351836139471114,114.3006940590569,49.96154148422968,70.0,22.31280300127437,Rainy,,Local
2024-01-01 13:15:00,Loc_3,-8.351836139471114,114.3006940590569,50.846469926601664,,,Clear,26.563132771567602,Arterial
2024-01-01 13:30:00,Loc_3,-8.351836139471114,114.3006940590569,43.050246587304486,36.0,12.831821556036198,Rainy,,Collector
2024-01-01 13:45:00,Loc_3,-8.351836139471114,114.3006940590569,,25.0,23.287664167570483,Cloudy,28.062721099908373,Local
2024-01-01 14:00:00,Loc_3,-8.351836139471114,114.3006940590569,56.17191810853538,22.0,41.43618657544142,Clear,29.067326902503222,Local
2024-01-01 14:15:00,Loc_3,-8.351836139471114,114.3006940590569,70.66438418690447,87.0,,Clear,27.42805566951801,Arterial
2024-01-01 14:30:00,Loc_3,-8.351836139471114,114.3006940590569,56.09896839715063,75.0,11.702446214105606,Rainy,25.097808387411728,Arterial
2024-01-01 14:45:00,Loc_3,-8.351836139471114,114.3006940590569,34.283049588336304,69.0,15.881229918221319,Cloudy,30.193094966284043,Arterial
2024-01-01 15:00:00,Loc_3,-8.351836139471114,114.3006940590569,64.77243457200765,50.0,34.441534214054016,Cloudy,24.293761794081277,Collector
2024-01-01 15:15:00,Loc_3,-8.351836139471114,114.3006940590569,63.74393862461649,35.0,34.244278846123656,Rainy,30.92227119466336,Arterial
2024-01-01 15:30:00,Loc_3,-8.351836139471114,114.3006940590569,63.72835966153365,76.0,49.64447997623328,Cloudy,26.43517260873289,Local
2024-01-01 15:45:00,Loc_3,-8.351836139471114,114.3006940590569,,27.0,27.95926488637287,Cloudy,,Local
2024-01-01 16:00:00,Loc_3,-8.351836139471114,114.3006940590569,50.24860926384932,,47.102345551540495,Rainy,28.11885445674341,Collector
2024-01-01 16:15:00,Loc_3,-8.351836139471114,114.3006940590569,64.57050125981335,88.0,49.4985593711174,Cloudy,26.307498103293916,Local
2024-01-01 16:30:00,Loc_3,-8.351836139471114,114.3006940590569,39.52629108288691,42.0,41.75161034920781,Cloudy,34.31187779831664,Collector
2024-01-01 16:45:00,Loc_3,-8.351836139471114,114.3006940590569,44.94222329163422,42.0,,Clear,24.195777908565276,Collector
2024-01-01 17:00:00,Loc_3,-8.351836139471114,114.3006940590569,55.64085939220047,69.0,,Cloudy,26.151917063514716,Collector
2024-01-01 17:15:00,Loc_3,-8.351836139471114,114.3006940590569,,,31.42661933112238,Cloudy,29.075589368237193,Collector
2024-01-01 17:30:00,Loc_3,-8.351836139471114,114.3006940590569,21.81130249412704,26.0,40.9660201572425,Clear,34.306633217978884,Collector
2024-01-01 17:45:00,Loc_3,-8.351836139471114,114.3006940590569,33.72894399695556,,35.656500382586984,Cloudy,32.61085425710509,Local
2024-01-01 18:00:00,Loc_3,-8.351836139471114,114.3006940590569,,24.0,36.504641049185615,Clear,23.371938978564746,Collector
2024-01-01 18:15:00,Loc_3,-8.351836139471114,114.3006940590569,64.18743528201628,52.0,43.03809881628413,Cloudy,30.42402449097819,Arterial
2024-01-01 18:30:00,Loc_3,-8.351836139471114,114.3006940590569,75.06927702513448,94.0,16.839694099750954,Clear,,Collector
2024-01-01 18:45:00,Loc_3,-8.351836139471114,114.3006940590569,37.373165196341915,,,Cloudy,,Local
2024-01-01 19:00:00,Loc_3,-8.351836139471114,114.3006940590569,38.280761756742876,43.0,11.8445797127379,Rainy,,Collector
2024-01-01 19:15:00,Loc_3,-8.351836139471114,114.3006940590569,50.89933830253547,14.0,28.458486668771478,Clear,33.04795269440679,Local
2024-01-01 19:30:00,Loc_3,-8.351836139471114,114.3006940590569,34.77818140776536,,39.517363964448585,Rainy,,Local
2024-01-01 19:45:00,Loc_3,-8.351836139471114,114.3006940590569,74.54632105550058,,39.027110568176404,Clear,34.997997384453996,Local
2024-01-01 20:00:00,Loc_3,-8.351836139471114,114.3006940590569,44.48569817933729,,28.10990679823377,Rainy,24.133547544706108,Local
2024-01-01 20:15:00,Loc_3,-8.351836139471114,114.3006940590569,68.39578293037482,33.0,34.77729741602256,Cloudy,28.513142513429862,Collector
2024-01-01 20:30:00,Loc_3,-8.351836139471114,114.3006940590569,36.568898096573456,68.0,18.708286380473538,Cloudy,34.29186375967131,Arterial
2024-01-01 20:45:00,Loc_3,-8.351836139471114,114.3006940590569,,34.0,33.44649012084166,Clear,33.13331833700426,Arterial
2024-01-01 21:00:00,Loc_3,-8.351836139471114,114.3006940590569,40.424989905016446,52.0,18.194208781648065,Rainy,20.10518873800988,Local
2024-01-01 21:15:00,Loc_3,-8.351836139471114,114.3006940590569,63.03868879160882,47.0,,Rainy,29.95257389248509,Local
2024-01-01 21:30:00,Loc_3,-8.351836139471114,114.3006940590569,37.120141480056155,34.0,,Rainy,34.73832416548192,Local
2024-01-01 21:45:00,Loc_3,-8.351836139471114,114.3006940590569,33.51285919780298,35.0,20.952364188913943,Clear,31.47452255993661,Arterial
2024-01-01 22:00:00,Loc_3,-8.351836139471114,114.3006940590569,48.19207895729309,50.0,39.71252468316216,Cloudy,,Collector
2024-01-01 22:15:00,Loc_3,-8.351836139471114,114.3006940590569,20.343248220338232,,,Rainy,20.004390533012455,Local
2024-01-01 22:30:00,Loc_3,-8.351836139471114,114.3006940590569,31.570551701883442,66.0,,Cloudy,23.279570881453928,Local
2024-01-01 22:45:00,Loc_3,-8.351836139471114,114.3006940590569,35.94193118587251,68.0,39.425613529718646,Clear,30.96915335169606,Local
2024-01-01 23:00:00,Loc_3,-8.351836139471114,114.3006940590569,23.858721178909178,29.0,42.1591876128567,Clear,21.806834154572446,Arterial
2024-01-01 23:15:00,Loc_3,-8.351836139471114,114.3006940590569,,23.0,,Rainy,21.685596943077236,Arterial
2024-01-01 23:30:00,Loc_3,-8.351836139471114,114.3006940590569,40.326356258955535,18.0,33.29813720947885,Rainy,26.494506755542833,Arterial
2024-01-01 23:45:00,Loc_3,-8.351836139471114,114.3006940590569,25.039343031203586,97.0,39.62472657833379,Cloudy,27.336793637152116,Local
2024-01-02 00:00:00,Loc_3,-8.351836139471114,114.3006940590569,77.04366135254327,78.0,,Clear,28.923422855249935,Local
2024-01-02 00:15:00,Loc_3,-8.351836139471114,114.3006940590569,64.8136607566181,,26.654372586523927,Clear,30.849012493996106,Local
2024-01-02 00:30:00,Loc_3,-8.351836139471114,114.3006940590569,73.08242470298394,36.0,20.361289177288096,Clear,31.839013223608532,Local
2024-01-02 00:45:00,Loc_3,-8.351836139471114,114.3006940590569,51.87449033701265,41.0,22.22015957401958,Rainy,20.938069058358924,Arterial
2024-01-01 00:00:00,Loc_4,-8.2420755948693,114.42225919344251,67.61091313781509,46.0,43.01140290802775,Rainy,,Local
2024-01-01 00:15:00,Loc_4,-8.2420755948693,114.42225919344251,22.551351632021877,48.0,26.176125294850948,Clear,31.549938910724528,Local
2024-01-01 00:30:00,Loc_4,-8.2420755948693,114.42225919344251,39.160286018960264,98.0,,Rainy,22.33782895736945,Local
2024-01-01 00:45:00,Loc_4,-8.2420755948693,114.42225919344251,66.19409710795905,29.0,47.631702797915295,Cloudy,,Arterial
2024-01-01 01:00:00,Loc_4,-8.2420755948693,114.42225919344251,25.608202361927816,44.0,21.600132075982824,Rainy,,Local
2024-01-01 01:15:00,Loc_4,-8.2420755948693,114.42225919344251,73.81164790352216,60.0,37.798761754299605,Cloudy,22.825957710843213,Local
2024-01-01 01:30:00,Loc_4,-8.2420755948693,114.42225919344251,40.44136183428394,96.0,25.69936871748879,Cloudy,32.7707711949492,Local
2024-01-01 01:45:00,Loc_4,-8.2420755948693,114.42225919344251,41.73855184878766,11.0,49.45179328757771,Rainy,,Arterial
2024-01-01 02:00:00,Loc_4,-8.2420755948693,114.42225919344251,47.453379199208655,83.0,,Clear,,Arterial
2024-01-01 02:15:00,Loc_4,-8.2420755948693,114.42225919344251,70.92626665216889,10.0,16.737044877022264,Clear,30.317094424968182,Local
2024-01-01 02:30:00,Loc_4,-8.2420755948693,114.42225919344251,,51.0,39.83520511022837,Cloudy,,Collector
2024-01-01 02:45:00,Loc_4,-8.2420755948693,114.42225919344251,33.08007719065547,91.0,,Cloudy,,Collector
2024-01-01 03:00:00,Loc_4,-8.2420755948693,114.42225919344251,36.448549824083585,98.0,,Clear,29.577491662708738,Local
2024-01-01 03:15:00,Loc_4,-8.2420755948693,114.42225919344251,63.67429799446218,80.0,32.574090314325005,Cloudy,30.808987645092564,Arterial
2024-01-01 03:30:00,Loc_4,-8.2420755948693,114.42225919344251,76.40367415759684,,32.80366661588693,Cloudy,28.8587288240035,Local
2024-01-01 03:45:00,Loc_4,-8.2420755948693,114.42225919344251,,70.0,13.159769195804557,Rainy,34.565668887415825,Collector
2024-01-01 04:00:00,Loc_4,-8.2420755948693,114.42225919344251,29.88391458472388,59.0,11.396762795685383,Rainy,21.84195848500405,Local
2024-01-01 04:15:00,Loc_4,-8.2420755948693,114.42225919344251,,42.0,26.57361630981422,Rainy,,Collector
2024-01-01 04:30:00,Loc_4,-8.2420755948693,114.42225919344251,53.71939568120163,97.0,19.52108405852678,Rainy,29.50714685364827,Local
2024-01-01 04:45:00,Loc_4,-8.2420755948693,114.42225919344251,31.062451367002023,35.0,12.725429473672092,Clear,31.809661914529205,Arterial
2024-01-01 05:00:00,Loc_4,-8.2420755948693,114.42225919344251,39.16182292841352,43.0,12.685352142847446,Rainy,,Arterial
2024-01-01 05:15:00,Loc_4,-8.2420755948693,114.42225919344251,32.20617506822389,,,Clear,28.472103816402345,Collector
2024-01-01 05:30:00,Loc_4,-8.2420755948693,114.42225919344251,,53.0,25.99172795549522,Rainy,,Collector
2024-01-01 05:45:00,Loc_4,-8.2420755948693,114.42225919344251,76.86415247476654,,18.598424255898465,Rainy,,Collector
2024-01-01 06:00:00,Loc_4,-8.2420755948693,114.42225919344251,22.434000349438424,15.0,41.88167383444943,Rainy,,Local
2024-01-01 06:15:00,Loc_4,-8.2420755948693,114.42225919344251,23.795792787328615,,,Cloudy,28.064785263805604,Collector
2024-01-01 06:30:00,Loc_4,-8.2420755948693,114.42225919344251,71.3420863958705,84.0,46.2767436033036,Clear,,Local
2024-01-01 06:45:00,Loc_4,-8.2420755948693,114.42225919344251,64.20851940084714,18.0,18.258123774081053,Cloudy,,Collector
2024-01-01 07:00:00,Loc_4,-8.2420755948693,114.42225919344251,58.56595163251569,,18.783726111305597,Cloudy,23.130724305990466,Collector
2024-01-01 07:15:00,Loc_4,-8.2420755948693,114.42225919344251,31.726832059494573,95.0,46.977830254930375,Rainy,26.43028665653711,Collector
2024-01-01 07:30:00,Loc_4,-8.2420755948693,114.42225919344251,77.04039021045051,66.0,35.958137654208805,Clear,28.267453683632823,Arterial
2024-01-01 07:45:00,Loc_4,-8.2420755948693,114.42225919344251,68.47445947867996,93.0,28.788358453007557,Rainy,29.744242581529004,Arterial
2024-01-01 08:00:00,Loc_4,-8.2420755948693,114.42225919344251,54.041881134196736,,28.295900470650913,Cloudy,,Local
2024-01-01 08:15:00,Loc_4,-8.2420755948693,114.42225919344251,47.92927461513787,66.0,27.073533320243154,Clear,33.50295299597559,Arterial
2024-01-01 08:30:00,Loc_4,-8.2420755948693,114.42225919344251,67.12086437762277,,,Rainy,26.200737309140777,Local
2024-01-01 08:45:00,Loc_4,-8.2420755948693,114.42225919344251,57.25423076842731,18.0,31.49727192240497,Clear,,Arterial
2024-01-01 09:00:00,Loc_4,-8.2420755948693,114.42225919344251,26.741141557802244,51.0,49.7810794605456,Rainy,,Arterial
2024-01-01 09:15:00,Loc_4,-8.2420755948693,114.42225919344251,71.67012322371333,56.0,,Cloudy,29.434885682982618,Arterial
2024-01-01 09:30:00,Loc_4,-8.2420755948693,114.42225919344251,,80.0,32.929395649294094,Rainy,25.183283105960104,Local
2024-01-01 09:45:00,Loc_4,-8.2420755948693,114.42225919344251,58.76559052959063,,44.784633294993206,Cloudy,29.999159541279987,Collector
2024-01-01 10:00:00,Loc_4,-8.2420755948693,114.42225919344251,32.339518346909585,12.0,15.260828627073701,Cloudy,30.97170887706769,Arterial
2024-01-01 10:15:00,Loc_4,-8.2420755948693,114.42225919344251,38.784368048158726,14.0,29.769149237576762,Rainy,,Collector
2024-01-01 10:30:00,Loc_4,-8.2420755948693,114.42225919344251,,78.0,47.905255214707694,Clear,20.190670740999174,Arterial
2024-01-01 10:45:00,Loc_4,-8.2420755948693,114.42225919344251,66.81055867182398,56.0,,Cloudy,,Collector
2024-01-01 11:00:00,Loc_4,-8.2420755948693,114.42225919344251,76.21164526464972,47.0,35.644794382239695,Rainy,30.837592074392933,Collector
2024-01-01 11:15:00,Loc_4,-8.2420755948693,114.42225919344251,,43.0,17.534459705740243,Clear,27.876696724171175,Local
2024-01-01 11:30:00,Loc_4,-8.2420755948693,114.42225919344251,,70.0,10.925061383982326,Clear,,Collector
2024-01-01 11:45:00,Loc_4,-8.2420755948693,114.42225919344251,38.417587328944556,92.0,42.86925289779436,Clear,,Arterial
2024-01-01 12:00:00,Loc_4,-8.2420755948693,114.42225919344251,,,20.204660147422263,Clear,21.240350667915028,Local
2024-01-01 12:15:00,Loc_4,-8.2420755948693,114.42225919344251,,60.0,13.665882249269536,Clear,33.870248450894614,Local
2024-01-01 12:30:00,Loc_4,-8.2420755948693,114.42225919344251,67.57736033334427,95.0,30.51699809563818,Cloudy,21.552254094096,Collector
2024-01-01 12:45:00,Loc_4,-8.2420755948693,114.42225919344251,71.39685279567293,56.0,35.48896477979913,Clear,29.719664741581212,Arterial
2024-01-01 13:00:00,Loc_4,-8.2420755948693,114.42225919344251,41.89578294342771,80.0,48.761089815056124,Cloudy,28.75745131666488,Collector
2024-01-01 13:15:00,Loc_4,-8.2420755948693,114.42225919344251,20.32539391278942,72.0,16.710956758909916,Clear,26.54292050426003,Collector
2024-01-01 13:30:00,Loc_4,-8.2420755948693,114.42225919344251,48.51478458623652,92.0,37.54109535148134,Cloudy,25.344641163987138,Collector
2024-01-01 13:45:00,Loc_4,-8.2420755948693,114.42225919344251,59.24725978409968,23.0,47.21662394929013,Clear,23.996775104897335,Local
2024-01-01 14:00:00,Loc_4,-8.2420755948693,114.42225919344251,,83.0,35.976516290476184,Rainy,33.06055857795995,Collector
2024-01-01 14:15:00,Loc_4,-8.2420755948693,114.42225919344251,,16.0,,Rainy,28.921811581422418,Collector
2024-01-01 14:30:00,Loc_4,-8.2420755948693,114.42225919344251,63.33309863553039,38.0,30.932002305396324,Clear,34.71478948148763,Arterial
2024-01-01 14:45:00,Loc_4,-8.2420755948693,114.42225919344251,37.11750840224019,,,Rainy,34.84857836568058,Collector
2024-01-01 15:00:00,Loc_4,-8.2420755948693,114.42225919344251,,81.0,10.309552536507113,Cloudy,28.818426965873,Arterial
2024-01-01 15:15:00,Loc_4,-8.2420755948693,114.42225919344251,62.21622552194882,20.0,40.65622282916758,Cloudy,24.772752438963863,Local
2024-01-01 15:30:00,Loc_4,-8.2420755948693,114.42225919344251,,10.0,20.93489231586327,Clear,22.973474427907163,Local
2024-01-01 15:45:00,Loc_4,-8.2420755948693,114.42225919344251,,30.0,31.37211528623179,Clear,28.118368638335216,Arterial
2024-01-01 16:00:00,Loc_4,-8.2420755948693,114.42225919344251,46.89839188834195,,34.073176200198766,Clear,,Local
2024-01-01 16:15:00,Loc_4,-8.2420755948693,114.42225919344251,78.9706714112473,,30.292941489966015,Cloudy,29.07603567892278,Local
2024-01-01 16:30:00,Loc_4,-8.2420755948693,114.42225919344251,60.49419095509084,33.0,,Clear,24.329288459458173,Local
2024-01-01 16:45:00,Loc_4,-8.2420755948693,114.42225919344251,56.5885479638159,26.0,19.329939177923812,Cloudy,21.844788742839043,Arterial
2024-01-01 17:00:00,Loc_4,-8.2420755948693,114.42225919344251,41.108368673463474,,16.317463448167096,Clear,25.860147354728852,Collector
2024-01-01 17:15:00,Loc_4,-8.2420755948693,114.42225919344251,47.920404727882925,,48.889727358422846,Clear,,Collector
2024-01-01 17:30:00,Loc_4,-8.2420755948693,114.42225919344251,,20.0,22.739789993719995,Clear,32.69100392819833,Collector
2024-01-01 17:45:00,Loc_4,-8.2420755948693,114.42225919344251,64.30363314116855,,10.07673028069965,Clear,34.4458000527589,Collector
2024-01-01 18:00:00,Loc_4,-8.2420755948693,114.42225919344251,47.00860869050072,30.0,38.08680026689851,Rainy,,Collector
2024-01-01 18:15:00,Loc_4,-8.2420755948693,114.42225919344251,44.327902861560794,63.0,13.687365787382353,Rainy,25.4689001572035,Local
2024-01-01 18:30:00,Loc_4,-8.2420755948693,114.42225919344251,,81.0,,Rainy,27.437384094298107,Arterial
2024-01-01 18:45:00,Loc_4,-8.2420755948693,114.42225919344251,26.11016571602243,35.0,,Cloudy,21.116337702591256,Local
2024-01-01 19:00:00,Loc_4,-8.2420755948693,114.42225919344251,57.47495510018955,55.0,26.564041440001102,Rainy,25.764734808214996,Arterial
2024-01-01 19:15:00,Loc_4,-8.2420755948693,114.42225919344251,52.37731854243303,62.0,30.02883402187078,Rainy,31.452131882772548,Arterial
2024-01-01 19:30:00,Loc_4,-8.2420755948693,114.42225919344251,22.417988435748825,,48.5191518010652,Rainy,,Arterial
2024-01-01 19:45:00,Loc_4,-8.2420755948693,114.42225919344251,59.584120058190344,,36.69155676642227,Clear,32.59696826045132,Collector
2024-01-01 20:00:00,Loc_4,-8.2420755948693,114.42225919344251,78.74521423248764,17.0,42.455376224328944,Clear,33.721085864382786,Arterial
2024-01-01 20:15:00,Loc_4,-8.2420755948693,114.42225919344251,,63.0,28.604252037963086,Rainy,21.036967881768316,Local
2024-01-01 20:30:00,Loc_4,-8.2420755948693,114.42225919344251,46.12812853572351,67.0,39.195869499352405,Clear,21.886028414619805,Collector
2024-01-01 20:45:00,Loc_4,-8.2420755948693,114.42225919344251,33.543975777584265,78.0,40.96131177721507,Clear,30.169684504158777,Local
2024-01-01 21:00:00,Loc_4,-8.2420755948693,114.42225919344251,,89.0,17.197995931301456,Rainy,31.306054208031476,Collector
2024-01-01 21:15:00,Loc_4,-8.2420755948693,114.42225919344251,21.975747830310592,14.0,46.7836479662312,Clear,29.153649590776574,Arterial
2024-01-01 21:30:00,Loc_4,-8.2420755948693,114.42225919344251,29.281423446679163,,13.766777370054054,Clear,22.55227631565915,Collector
2024-01-01 21:45:00,Loc_4,-8.2420755948693,114.42225919344251,60.0911340006373,,,Rainy,27.620869896505766,Local
2024-01-01 22:00:00,Loc_4,-8.2420755948693,114.42225919344251,66.65540791567157,,45.92179648686235,Cloudy,,Collector
2024-01-01 22:15:00,Loc_4,-8.2420755948693,114.42225919344251,41.777180882670855,32.0,,Rainy,,Collector
2024-01-01 22:30:00,Loc_4,-8.2420755948693,114.42225919344251,70.13163132268448,83.0,38.773518743209856,Rainy,27.79700459563933,Local
2024-01-01 22:45:00,Loc_4,-8.2420755948693,114.42225919344251,36.02764941521612,11.0,,Clear,,Arterial
2024-01-01 23:00:00,Loc_4,-8.2420755948693,114.42225919344251,26.84831342283188,,40.93355679739198,Clear,21.900489993679983,Arterial
2024-01-01 23:15:00,Loc_4,-8.2420755948693,114.42225919344251,25.381346939304127,98.0,21.349697889770127,Cloudy,,Collector
2024-01-01 23:30:00,Loc_4,-8.2420755948693,114.42225919344251,68.93637549321159,90.0,19.52538400448949,Rainy,32.440292686238934,Arterial
2024-01-01 23:45:00,Loc_4,-8.2420755948693,114.42225919344251,30.018117118874088,83.0,28.069683836090128,Cloudy,24.33925209914149,Collector
2024-01-02 00:00:00,Loc_4,-8.2420755948693,114.42225919344251,44.123913773031084,83.0,31.471026756351684,Rainy,24.229971200045735,Local
2024-01-02 00:15:00,Loc_4,-8.2420755948693,114.42225919344251,22.561680685223596,48.0,15.034299877467276,Cloudy,28.33504154911082,Arterial
2024-01-02 00:30:00,Loc_4,-8.2420755948693,114.42225919344251,41.729310404088345,38.0,34.12304078759078,Cloudy,21.054481030485462,Local
2024-01-02 00:45:00,Loc_4,-8.2420755948693,114.42225919344251,27.28123088281631,67.0,,Clear,32.84167728888266,Arterial
2024-01-01 00:00:00,Loc_5,-8.360679169299955,114.27637432025146,66.32523387427182,35.0,,Cloudy,,Arterial
2024-01-01 00:15:00,Loc_5,-8.360679169299955,114.27637432025146,75.31880683833253,75.0,40.23461525336519,Rainy,33.29166017908627,Collector
2024-01-01 00:30:00,Loc_5,-8.360679169299955,114.27637432025146,74.95471217729072,85.0,27.257136928628533,Cloudy,30.407569760450865,Local
2024-01-01 00:45:00,Loc_5,-8.360679169299955,114.27637432025146,48.28975196027422,,,Clear,27.439830758417482,Local
2024-01-01 01:00:00,Loc_5,-8.360679169299955,114.27637432025146,43.92829097051296,18.0,35.818746326427004,Rainy,29.295617807818985,Collector
2024-01-01 01:15:00,Loc_5,-8.360679169299955,114.27637432025146,47.300639462326345,27.0,23.98208422676737,Clear,,Local
2024-01-01 01:30:00,Loc_5,-8.360679169299955,114.27637432025146,20.59133557452545,,35.84075591937943,Cloudy,31.911887177314462,Collector
2024-01-01 01:45:00,Loc_5,-8.360679169299955,114.27637432025146,48.006922539041234,34.0,16.315861834305142,Cloudy,21.440534105708878,Collector
2024-01-01 02:00:00,Loc_5,-8.360679169299955,114.27637432025146,32.71851493900582,98.0,11.192716128629762,Clear,24.914206960490063,Arterial
2024-01-01 02:15:00,Loc_5,-8.360679169299955,114.27637432025146,,52.0,,Cloudy,21.6234107111548,Arterial
2024-01-01 02:30:00,Loc_5,-8.360679169299955,114.27637432025146,78.24060395392263,94.0,33.930860460353045,Cloudy,28.289201417002886,Local
2024-01-01 02:45:00,Loc_5,-8.360679169299955,114.27637432025146,79.06152495798628,,39.13905950564802,Rainy,22.37331401629147,Arterial
2024-01-01 03:00:00,Loc_5,-8.360679169299955,114.27637432025146,70.86827320635831,63.0,12.65743293636472,Cloudy,27.750878140728307,Collector
2024-01-01 03:15:00,Loc_5,-8.360679169299955,114.27637432025146,71.5774976753706,16.0,43.70918243925022,Cloudy,33.52003842994655,Local
2024-01-01 03:30:00,Loc_5,-8.360679169299955,114.27637432025146,23.61383350830028,75.0,34.93377409995728,Cloudy,30.90720200469157,Local
2024-01-01 03:45:00,Loc_5,-8.360679169299955,114.27637432025146,40.66502940219602,39.0,30.83153896378886,Cloudy,,Arterial
2024-01-01 04:00:00,Loc_5,-8.360679169299955,114.27637432025146,71.83713032470851,77.0,22.651654174586625,Cloudy,29.763609834043347,Collector
2024-01-01 04:15:00,Loc_5,-8.360679169299955,114.27637432025146,46.71990324669885,,32.78068720416653,Cloudy,24.40127144973466,Arterial
2024-01-01 04:30:00,Loc_5,-8.360679169299955,114.27637432025146,53.05955616284694,64.0,23.341553667723996,Clear,24.480361301606653,Local
2024-01-01 04:45:00,Loc_5,-8.360679169299955,114.27637432025146,67.55919665970863,,,Rainy,,Local
2024-01-01 05:00:00,Loc_5,-8.360679169299955,114.27637432025146,21.340826328173105,,11.704478835686771,Cloudy,34.871436964783285,Local
2024-01-01 05:15:00,Loc_5,-8.360679169299955,114.27637432025146,,21.0,23.98577877606681,Cloudy,31.737633073026515,Collector
2024-01-01 05:30:00,Loc_5,-8.360679169299955,114.27637432025146,34.64107340728845,,16.07740942552159,Cloudy,29.746386386811213,Collector
2024-01-01 05:45:00,Loc_5,-8.360679169299955,114.27637432025146,60.27508451244174,43.0,48.24212629869177,Clear,20.384903785027266,Collector
2024-01-01 06:00:00,Loc_5,-8.360679169299955,114.27637432025146,,,44.09122373775843,Rainy,33.17001946726777,Collector
2024-01-01 06:15:00,Loc_5,-8.360679169299955,114.27637432025146,,34.0,10.807746626188095,Clear,33.73492764873736,Arterial
2024-01-01 06:30:00,Loc_5,-8.360679169299955,114.27637432025146,,,33.62596033377021,Rainy,33.68526820979702,Collector
2024-01-01 06:45:00,Loc_5,-8.360679169299955,114.27637432025146,58.450993186511226,47.0,33.98830748994988,Cloudy,31.975020480045714,Collector
2024-01-01 07:00:00,Loc_5,-8.360679169299955,114.27637432025146,,38.0,42.07138497412604,Rainy,26.47922345215382,Arterial
2024-01-01 07:15:00,Loc_5,-8.360679169299955,114.27637432025146,20.61477652955547,10.0,30.293750915083102,Cloudy,,Collector
2024-01-01 07:30:00,Loc_5,-8.360679169299955,114.27637432025146,66.91147190054167,13.0,17.603211194054627,Rainy,,Collector
2024-01-01 07:45:00,Loc_5,-8.360679169299955,114.27637432025146,31.13756318589585,,25.756005538300446,Rainy,,Local
2024-01-01 08:00:00,Loc_5,-8.360679169299955,114.27637432025146,,35.0,13.831253739389151,Clear,34.84771196192898,Arterial
2024-01-01 08:15:00,Loc_5,-8.360679169299955,114.27637432025146,38.47990235407548,82.0,36.386124419221744,Clear,27.56709830276682,Collector
2024-01-01 08:30:00,Loc_5,-8.360679169299955,114.27637432025146,45.516735909946746,41.0,43.19675968762391,Clear,,Collector
2024-01-01 08:45:00,Loc_5,-8.360679169299955,114.27637432025146,33.267583739176956,31.0,17.528536652288956,Rainy,21.12888154462497,Collector
2024-01-01 09:00:00,Loc_5,-8.360679169299955,114.27637432025146,22.842882626787677,16.0,43.06080566545605,Cloudy,,Collector
2024-01-01 09:15:00,Loc_5,-8.360679169299955,114.27637432025146,,87.0,35.406883001218944,Cloudy,25.47441936886902,Local
2024-01-01 09:30:00,Loc_5,-8.360679169299955,114.27637432025146,,,23.75341648534019,Clear,22.290677684960368,Collector
2024-01-01 09:45:00,Loc_5,-8.360679169299955,114.27637432025146,68.03373622749248,37.0,32.36574855106366,Clear,33.12030175278729,Local
2024-01-01 10:00:00,Loc_5,-8.360679169299955,114.27637432025146,51.60782247625279,32.0,21.5587016535273,Clear,22.694216369947924,Collector
2024-01-01 10:15:00,Loc_5,-8.360679169299955,114.27637432025146,,49.0,24.293525645825223,Cloudy,31.619413559073696,Arterial
2024-01-01 10:30:00,Loc_5,-8.360679169299955,114.27637432025146,65.07019935188724,,,Rainy,22.94782312009474,Local
2024-01-01 10:45:00,Loc_5,-8.360679169299955,114.27637432025146,49.171548497578826,75.0,39.138617971156506,Rainy,31.76213698732569,Arterial
2024-01-01 11:00:00,Loc_5,-8.360679169299955,114.27637432025146,27.85888301980345,47.0,,Cloudy,30.639816235743673,Local
2024-01-01 11:15:00,Loc_5,-8.360679169299955,114.27637432025146,64.23614107732087,58.0,34.38596185560232,Rainy,,Collector
2024-01-01 11:30:00,Loc_5,-8.360679169299955,114.27637432025146,,60.0,20.717535864477643,Clear,21.69204060088078,Arterial
2024-01-01 11:45:00,Loc_5,-8.360679169299955,114.27637432025146,51.26286783937769,,16.455779293697308,Cloudy,20.678551324114178,Arterial
2024-01-01 12:00:00,Loc_5,-8.360679169299955,114.27637432025146,21.125518721832556,94.0,15.294776750871172,Cloudy,32.29481053677058,Arterial
2024-01-01 12:15:00,Loc_5,-8.360679169299955,114.27637432025146,37.38047535297659,48.0,,Cloudy,33.67446756972217,Collector
2024-01-01 12:30:00,Loc_5,-8.360679169299955,114.27637432025146,65.72852372113057,42.0,48.49101199397442,Clear,32.166910837605684,Arterial
2024-01-01 12:45:00,Loc_5,-8.360679169299955,114.27637432025146,39.858049297176436,96.0,34.21057913105486,Clear,28.376303583665134,Arterial
2024-01-01 13:00:00,Loc_5,-8.360679169299955,114.27637432025146,73.76321613499269,,37.425583842071916,Clear,21.601031072608578,Local
2024-01-01 13:15:00,Loc_5,-8.360679169299955,114.27637432025146,71.08339464222033,24.0,38.44058962307378,Clear,29.176796384260157,Local
2024-01-01 13:30:00,Loc_5,-8.360679169299955,114.27637432025146,,36.0,45.66542519506846,Cloudy,20.35241335421154,Local
2024-01-01 13:45:00,Loc_5,-8.360679169299955,114.27637432025146,,,20.243657413939168,Rainy,34.58589887321976,Collector
2024-01-01 14:00:00,Loc_5,-8.360679169299955,114.27637432025146,,91.0,40.000232421961286,Cloudy,24.538631170755966,Collector
2024-01-01 14:15:00,Loc_5,-8.360679169299955,114.27637432025146,78.02259055949958,,20.826745932739907,Clear,31.526544189026755,Collector
2024-01-01 14:30:00,Loc_5,-8.360679169299955,114.27637432025146,,82.0,28.537088192918585,Rainy,25.68594240571247,Arterial
2024-01-01 14:45:00,Loc_5,-8.360679169299955,114.27637432025146,,,15.497321611362317,Rainy,33.765058201254796,Arterial
2024-01-01 15:00:00,Loc_5,-8.360679169299955,114.27637432025146,68.09148510750009,66.0,33.4526874142818,Rainy,32.152761836456065,Arterial
2024-01-01 15:15:00,Loc_5,-8.360679169299955,114.27637432025146,76.69346005389431,76.0,20.80161480616613,Clear,24.847004159398235,Collector
2024-01-01 15:30:00,Loc_5,-8.360679169299955,114.27637432025146,26.408465072693883,68.0,28.044613475519323,Clear,20.972159905068782,Local
2024-01-01 15:45:00,Loc_5,-8.360679169299955,114.27637432025146,49.406431665236646,41.0,17.084375041053327,Clear,32.789718589219454,Local
2024-01-01 16:00:00,Loc_5,-8.360679169299955,114.27637432025146,45.74429263540574,82.0,34.090169092409965,Clear,21.744009609865895,Local
2024-01-01 16:15:00,Loc_5,-8.360679169299955,114.27637432025146,25.416705674157782,70.0,23.267645560226853,Cloudy,25.564865630892058,Arterial
2024-01-01 16:30:00,Loc_5,-8.360679169299955,114.27637432025146,54.691484218289894,79.0,26.35901296118931,Clear,29.37210376967564,Arterial
2024-01-01 16:45:00,Loc_5,-8.360679169299955,114.27637432025146,,61.0,41.371759086769224,Rainy,29.47295102087068,Collector
2024-01-01 17:00:00,Loc_5,-8.360679169299955,114.27637432025146,42.70171276724908,,12.29657210619942,Cloudy,20.292395472835622,Arterial
2024-01-01 17:15:00,Loc_5,-8.360679169299955,114.27637432025146,,49.0,39.264345807419666,Cloudy,30.87973145667297,Arterial
2024-01-01 17:30:00,Loc_5,-8.360679169299955,114.27637432025146,,93.0,42.08258332949103,Cloudy,23.50432016696363,Collector
2024-01-01 17:45:00,Loc_5,-8.360679169299955,114.27637432025146,,,26.622629337662747,Cloudy,,Collector
2024-01-01 18:00:00,Loc_5,-8.360679169299955,114.27637432025146,42.26089247016257,10.0,14.101832782367559,Clear,,Collector
2024-01-01 18:15:00,Loc_5,-8.360679169299955,114.27637432025146,41.075885149320314,,14.458495341892137,Rainy,30.28317099331478,Arterial
2024-01-01 18:30:00,Loc_5,-8.360679169299955,114.27637432025146,,80.0,21.665405366861844,Cloudy,22.769563082765018,Collector
2024-01-01 18:45:00,Loc_5,-8.360679169299955,114.27637432025146,49.7133477753475,,29.464071129819445,Rainy,24.24545414329555,Local
2024-01-01 19:00:00,Loc_5,-8.360679169299955,114.27637432025146,66.82238983189048,48.0,42.89896429850764,Rainy,27.127327565607615,Collector
2024-01-01 19:15:00,Loc_5,-8.360679169299955,114.27637432025146,60.97282231361548,73.0,,Clear,25.155056897443565,Collector
2024-01-01 19:30:00,Loc_5,-8.360679169299955,114.27637432025146,32.6919726950084,87.0,23.552512429244135,Clear,28.94241237537239,Collector
2024-01-01 19:45:00,Loc_5,-8.360679169299955,114.27637432025146,54.39158340374547,42.0,20.287700632746958,Rainy,,Arterial
2024-01-01 20:00:00,Loc_5,-8.360679169299955,114.27637432025146,34.25702107101529,55.0,47.36086305955137,Rainy,24.833526204673774,Local
2024-01-01 20:15:00,Loc_5,-8.360679169299955,114.27637432025146,71.43028288119864,23.0,12.045658839499485,Rainy,,Arterial
2024-01-01 20:30:00,Loc_5,-8.360679169299955,114.27637432025146,,48.0,26.49742669538011,Rainy,33.134943533880445,Local
2024-01-01 20:45:00,Loc_5,-8.360679169299955,114.27637432025146,65.39549122273142,,22.725515844708227,Rainy,25.657428228790288,Arterial
2024-01-01 21:00:00,Loc_5,-8.360679169299955,114.27637432025146,28.63012867164195,54.0,,Rainy,22.813745321418864,Local
2024-01-01 21:15:00,Loc_5,-8.360679169299955,114.27637432025146,,14.0,21.837364236903298,Rainy,26.98030140771145,Local
2024-01-01 21:30:00,Loc_5,-8.360679169299955,114.27637432025146,23.389320179979684,,18.40285327586052,Rainy,23.757918883837608,Collector
2024-01-01 21:45:00,Loc_5,-8.360679169299955,114.27637432025146,57.15280578697432,33.0,45.79374356439836,Clear,31.618131485952226,Collector
2024-01-01 22:00:00,Loc_5,-8.360679169299955,114.27637432025146,,,,Cloudy,34.54102193102355,Collector
2024-01-01 22:15:00,Loc_5,-8.360679169299955,114.27637432025146,43.17781405633278,61.0,48.376770399722794,Cloudy,27.91414744094482,Arterial
2024-01-01 22:30:00,Loc_5,-8.360679169299955,114.27637432025146,,17.0,44.33412787197086,Cloudy,,Local
2024-01-01 22:45:00,Loc_5,-8.360679169299955,114.27637432025146,,35.0,10.3483197721933,Rainy,31.73518833642816,Arterial
2024-01-01 23:00:00,Loc_5,-8.360679169299955,114.27637432025146,42.244153362039704,24.0,41.105250955459155,Clear,,Collector
2024-01-01 23:15:00,Loc_5,-8.360679169299955,114.27637432025146,21.71131354294085,14.0,48.21323889502547,Cloudy,28.987593555709438,Collector
2024-01-01 23:30:00,Loc_5,-8.360679169299955,114.27637432025146,63.92956064131591,65.0,27.93759559445036,Rainy,21.19349611568902,Collector
2024-01-01 23:45:00,Loc_5,-8.360679169299955,114.27637432025146,55.56739413989341,71.0,12.327311706985,Clear,,Local
2024-01-02 00:00:00,Loc_5,-8.360679169299955,114.27637432025146,72.88138023159786,,41.74934184720015,Clear,34.319216666142296,Collector
2024-01-02 00:15:00,Loc_5,-8.360679169299955,114.27637432025146,,51.0,24.063323496925463,Clear,,Local
2024-01-02 00:30:00,Loc_5,-8.360679169299955,114.27637432025146,,,18.172157881894165,Clear,29.739609753869928,Collector
2024-01-02 00:45:00,Loc_5,-8.360679169299955,114.27637432025146,50.42601480551363,91.0,11.256863860561047,Clear,27.330584940670057,Collector
2024-01-01 00:00:00,Loc_6,-8.459992947880043,114.27719023659833,68.85777414600204,16.0,39.105472224171294,Cloudy,,Local
2024-01-01 00:15:00,Loc_6,-8.459992947880043,114.27719023659833,,18.0,23.25228412532023,Cloudy,27.733717411425562,Local
2024-01-01 00:30:00,Loc_6,-8.459992947880043,114.27719023659833,37.09925913319694,68.0,,Cloudy,25.462454340767437,Arterial
2024-01-01 00:45:00,Loc_6,-8.459992947880043,114.27719023659833,35.83146185028742,,26.98901571566571,Rainy,34.43437861657299,Collector
2024-01-01 01:00:00,Loc_6,-8.459992947880043,114.27719023659833,,,27.760679690339547,Cloudy,28.65859228944296,Collector
2024-01-01 01:15:00,Loc_6,-8.459992947880043,114.27719023659833,54.95872934917977,,43.67324616490943,Cloudy,33.80578073220325,Local
2024-01-01 01:30:00,Loc_6,-8.459992947880043,114.27719023659833,20.428243726603593,75.0,47.01991076097465,Cloudy,29.622317784705125,Local
2024-01-01 01:45:00,Loc_6,-8.459992947880043,114.27719023659833,,87.0,21.823027419950257,Cloudy,25.07063125035444,Arterial
2024-01-01 02:00:00,Loc_6,-8.459992947880043,114.27719023659833,76.89000412812342,70.0,,Cloudy,,Local
2024-01-01 02:15:00,Loc_6,-8.459992947880043,114.27719023659833,27.94806083345015,15.0,39.20943939504523,Cloudy,29.77470413647312,Local
2024-01-01 02:30:00,Loc_6,-8.459992947880043,114.27719023659833,38.74851147922113,29.0,,Cloudy,22.624289752356383,Local
2024-01-01 02:45:00,Loc_6,-8.459992947880043,114.27719023659833,20.157926036422282,91.0,,Clear,32.85258094755122,Collector
2024-01-01 03:00:00,Loc_6,-8.459992947880043,114.27719023659833,,22.0,36.46852199034198,Cloudy,,Collector
2024-01-01 03:15:00,Loc_6,-8.459992947880043,114.27719023659833,28.039026232697204,79.0,42.83168722605305,Rainy,30.077545889679442,Arterial
2024-01-01 03:30:00,Loc_6,-8.459992947880043,114.27719023659833,,84.0,42.54680911201169,Rainy,23.462247888112763,Arterial
2024-01-01 03:45:00,Loc_6,-8.459992947880043,114.27719023659833,65.25562438592557,58.0,,Cloudy,31.951177676372282,Collector
2024-01-01 04:00:00,Loc_6,-8.459992947880043,114.27719023659833,35.645827944507545,93.0,13.265249538020424,Clear,25.449276292976833,Arterial
2024-01-01 04:15:00,Loc_6,-8.459992947880043,114.27719023659833,,89.0,31.364609980981506,Cloudy,24.603247952987267,Arterial
2024-01-01 04:30:00,Loc_6,-8.459992947880043,114.27719023659833,50.13860043737314,63.0,36.56772314604097,Cloudy,24.60625438523162,Collector
2024-01-01 04:45:00,Loc_6,-8.459992947880043,114.27719023659833,,24.0,24.360520333307925,Rainy,29.51921543533193,Local
2024-01-01 05:00:00,Loc_6,-8.459992947880043,114.27719023659833,52.1746528575805,,16.938197083837178,Cloudy,,Collector
2024-01-01 05:15:00,Loc_6,-8.459992947880043,114.27719023659833,,,,Clear,,Collector
2024-01-01 05:30:00,Loc_6,-8.459992947880043,114.27719023659833,37.17019621788255,53.0,,Rainy,,Local
2024-01-01 05:45:00,Loc_6,-8.459992947880043,114.27719023659833,26.940078620168716,32.0,14.875758163043393,Clear,22.032660059946053,Local
2024-01-01 06:00:00,Loc_6,-8.459992947880043,114.27719023659833,,22.0,32.25887200128194,Cloudy,21.666865027207077,Collector
2024-01-01 06:15:00,Loc_6,-8.459992947880043,114.27719023659833,60.980071143934474,58.0,10.996943136025799,Rainy,20.12960480375873,Local
2024-01-01 06:30:00,Loc_6,-8.459992947880043,114.27719023659833,29.71712329955428,81.0,25.77206549309996,Rainy,26.989288811007075,Local
2024-01-01 06:45:00,Loc_6,-8.459992947880043,114.27719023659833,36.2147590876855,,,Cloudy,21.25674809434628,Arterial
2024-01-01 07:00:00,Loc_6,-8.459992947880043,114.27719023659833,36.67680200698885,78.0,25.83870018693133,Clear,24.374708058771418,Arterial
2024-01-01 07:15:00,Loc_6,-8.459992947880043,114.27719023659833,,73.0,38.14729811186632,Cloudy,29.357113496527464,Collector
2024-01-01 07:30:00,Loc_6,-8.459992947880043,114.27719023659833,77.37241905336191,,48.91368573298187,Cloudy,31.395392208501022,Collector
2024-01-01 07:45:00,Loc_6,-8.459992947880043,114.27719023659833,28.902897466318088,53.0,16.648082721696742,Cloudy,23.229745796310187,Local
2024-01-01 08:00:00,Loc_6,-8.459992947880043,114.27719023659833,26.262773270787445,57.0,37.95649173632414,Rainy,24.289765320499725,Local
2024-01-01 08:15:00,Loc_6,-8.459992947880043,114.27719023659833,61.8840820731697,75.0,20.65945848952944,Cloudy,33.36686860005443,Collector
2024-01-01 08:30:00,Loc_6,-8.459992947880043,114.27719023659833,57.44427688220976,84.0,17.715027559542953,Rainy,31.102542570878512,Collector
2024-01-01 08:45:00,Loc_6,-8.459992947880043,114.27719023659833,,62.0,38.01966477858298,Clear,,Local
2024-01-01 09:00:00,Loc_6,-8.459992947880043,114.27719023659833,53.445779664624865,49.0,48.56685340726602,Rainy,21.26369998327906,Arterial
2024-01-01 09:15:00,Loc_6,-8.459992947880043,114.27719023659833,40.47818561269346,51.0,14.045436328738967,Cloudy,21.351892927637437,Collector
2024-01-01 09:30:00,Loc_6,-8.459992947880043,114.27719023659833,30.447129387233893,16.0,,Cloudy,20.714346537465087,Collector
2024-01-01 09:45:00,Loc_6,-8.459992947880043,114.27719023659833,41.90942279887377,66.0,25.10292796054644,Clear,31.75980469859344,Arterial
2024-01-01 10:00:00,Loc_6,-8.459992947880043,114.27719023659833,20.952803420428026,52.0,16.365242031703133,Cloudy,34.88796531510008,Arterial
2024-01-01 10:15:00,Loc_6,-8.459992947880043,114.27719023659833,55.11727490281416,50.0,12.606318522713877,Clear,33.02687402426058,Arterial
2024-01-01 10:30:00,Loc_6,-8.459992947880043,114.27719023659833,77.51266639844039,10.0,21.41507056856478,Rainy,,Local
2024-01-01 10:45:00,Loc_6,-8.459992947880043,114.27719023659833,64.62947080790579,87.0,29.659205624964905,Clear,,Collector
2024-01-01 11:00:00,Loc_6,-8.459992947880043,114.27719023659833,79.04134875250122,40.0,16.67751040463038,Rainy,21.929044558940653,Arterial
2024-01-01 11:15:00,Loc_6,-8.459992947880043,114.27719023659833,,89.0,12.82760279192059,Cloudy,28.176388493410087,Arterial
2024-01-01 11:30:00,Loc_6,-8.459992947880043,114.27719023659833,60.331510905595714,24.0,35.18649691296956,Cloudy,29.608690862844384,Collector
2024-01-01 11:45:00,Loc_6,-8.459992947880043,114.27719023659833,45.372278832988044,,36.428434531617874,Rainy,30.654932521512915,Collector
2024-01-01 12:00:00,Loc_6,-8.459992947880043,114.27719023659833,53.180718758363085,17.0,43.454873943764596,Cloudy,24.604090035301123,Arterial
2024-01-01 12:15:00,Loc_6,-8.459992947880043,114.27719023659833,40.48819639961203,36.0,24.738873574337703,Clear,,Local
2024-01-01 12:30:00,Loc_6,-8.459992947880043,114.27719023659833,38.94176767330014,18.0,,Rainy,34.28862677049387,Arterial
2024-01-01 12:45:00,Loc_6,-8.459992947880043,114.27719023659833,76.2082879591269,14.0,20.84232052600222,Cloudy,23.545022197028274,Collector
2024-01-01 13:00:00,Loc_6,-8.459992947880043,114.27719023659833,,53.0,43.604524262204976,Rainy,26.72441144086445,Local
2024-01-01 13:15:00,Loc_6,-8.459992947880043,114.27719023659833,,40.0,19.426634944364412,Cloudy,27.130292244031505,Collector
2024-01-01 13:30:00,Loc_6,-8.459992947880043,114.27719023659833,67.26075097597939,,,Rainy,34.25045677903375,Local
2024-01-01 13:45:00,Loc_6,-8.459992947880043,114.27719023659833,,41.0,39.17574693840547,Rainy,,Collector
2024-01-01 14:00:00,Loc_6,-8.459992947880043,114.27719023659833,60.66619858575092,31.0,10.329043676355752,Rainy,32.660774717006525,Arterial
2024-01-01 14:15:00,Loc_6,-8.459992947880043,114.27719023659833,57.09558417111141,,28.3190400375897,Clear,,Local
2024-01-01 14:30:00,Loc_6,-8.459992947880043,114.27719023659833,67.17950244584571,13.0,38.01072086206035,Rainy,,Arterial
2024-01-01 14:45:00,Loc_6,-8.459992947880043,114.27719023659833,,84.0,37.43991434894171,Rainy,30.142471949343673,Local
2024-01-01 15:00:00,Loc_6,-8.459992947880043,114.27719023659833,,12.0,12.400042777682012,Clear,21.966857226871163,Collector
2024-01-01 15:15:00,Loc_6,-8.459992947880043,114.27719023659833,38.089240534280975,,39.95162657325844,Rainy,27.0771837878635,Local
2024-01-01 15:30:00,Loc_6,-8.459992947880043,114.27719023659833,30.49864449502805,,,Rainy,32.431382942614476,Collector
2024-01-01 15:45:00,Loc_6,-8.459992947880043,114.27719023659833,27.052264950907905,64.0,13.696918053107382,Clear,32.450916069458884,Arterial
2024-01-01 16:00:00,Loc_6,-8.459992947880043,114.27719023659833,60.65298202839914,59.0,12.373587003105886,Cloudy,20.73454148797669,Arterial
2024-01-01 16:15:00,Loc_6,-8.459992947880043,114.27719023659833,75.73442156811474,41.0,14.193579984209194,Rainy,,Collector
2024-01-01 16:30:00,Loc_6,-8.459992947880043,114.27719023659833,63.72448086976372,,28.870537858301866,Clear,28.118239605030936,Local
2024-01-01 16:45:00,Loc_6,-8.459992947880043,114.27719023659833,,14.0,45.944203571723456,Rainy,33.25767354201931,Arterial
2024-01-01 17:00:00,Loc_6,-8.459992947880043,114.27719023659833,35.94268599341257,,36.64706775384046,Rainy,,Collector
2024-01-01 17:15:00,Loc_6,-8.459992947880043,114.27719023659833,,19.0,47.06137940002617,Clear,33.026381319720635,Arterial
2024-01-01 17:30:00,Loc_6,-8.459992947880043,114.27719023659833,58.28654442876116,94.0,25.96324588038998,Clear,,Local
2024-01-01 17:45:00,Loc_6,-8.459992947880043,114.27719023659833,47.36844148538613,54.0,16.68715220473015,Clear,,Local
2024-01-01 18:00:00,Loc_6,-8.459992947880043,114.27719023659833,,,15.108709439407999,Clear,,Local
2024-01-01 18:15:00,Loc_6,-8.459992947880043,114.27719023659833,22.264901045929307,34.0,31.854556987223805,Rainy,27.707517581862763,Arterial
2024-01-01 18:30:00,Loc_6,-8.459992947880043,114.27719023659833,55.71245993869797,32.0,27.71159533273523,Rainy,29.419233815676517,Collector
2024-01-01 18:45:00,Loc_6,-8.459992947880043,114.27719023659833,42.07526535568644,28.0,12.080132582185676,Cloudy,,Arterial
2024-01-01 19:00:00,Loc_6,-8.459992947880043,114.27719023659833,31.607260684509647,82.0,,Cloudy,24.066669355205853,Arterial
2024-01-01 19:15:00,Loc_6,-8.459992947880043,114.27719023659833,,,10.208834185189,Cloudy,27.557071585491045,Local
2024-01-01 19:30:00,Loc_6,-8.459992947880043,114.27719023659833,39.25464069998781,42.0,22.438274598780797,Rainy,24.532217696233204,Arterial
2024-01-01 19:45:00,Loc_6,-8.459992947880043,114.27719023659833,55.76423168621365,16.0,26.621116680365322,Cloudy,23.69370714455968,Collector
2024-01-01 20:00:00,Loc_6,-8.459992947880043,114.27719023659833,52.1569722853655,65.0,24.74994097796733,Cloudy,22.577556980416944,Arterial
2024-01-01 20:15:00,Loc_6,-8.459992947880043,114.27719023659833,58.506481895782535,,36.54341111132425,Cloudy,21.20466189934774,Arterial
2024-01-01 20:30:00,Loc_6,-8.459992947880043,114.27719023659833,24.15305384196184,15.0,,Rainy,29.7075734965591,Arterial
2024-01-01 20:45:00,Loc_6,-8.459992947880043,114.27719023659833,,,,Clear,,Local
2024-01-01 21:00:00,Loc_6,-8.459992947880043,114.27719023659833,60.146969129715096,21.0,44.76430640495713,Rainy,25.749998096611495,Local
2024-01-01 21:15:00,Loc_6,-8.459992947880043,114.27719023659833,31.856487114152067,,36.197692340634035,Cloudy,20.20480811393059,Collector
2024-01-01 21:30:00,Loc_6,-8.459992947880043,114.27719023659833,,59.0,14.422818963369624,Clear,24.727318864215025,Local
2024-01-01 21:45:00,Loc_6,-8.459992947880043,114.27719023659833,46.01431887616705,81.0,,Cloudy,20.247120799553095,Arterial
2024-01-01 22:00:00,Loc_6,-8.459992947880043,114.27719023659833,41.91706133102319,42.0,11.059699078982433,Clear,,Collector
2024-01-01 22:15:00,Loc_6,-8.459992947880043,114.27719023659833,,69.0,26.776013428905756,Rainy,31.565029939489992,Collector
2024-01-01 22:30:00,Loc_6,-8.459992947880043,114.27719023659833,73.98482301882966,74.0,45.02930284187181,Rainy,25.3593838003493,Local
2024-01-01 22:45:00,Loc_6,-8.459992947880043,114.27719023659833,57.85097521513947,70.0,25.727465793205017,Clear,29.07351447311173,Arterial
2024-01-01 23:00:00,Loc_6,-8.459992947880043,114.27719023659833,47.37823172133881,48.0,28.856094225014452,Rainy,20.13821749367069,Local
2024-01-01 23:15:00,Loc_6,-8.459992947880043,114.27719023659833,67.80178852529379,66.0,41.297062988218336,Clear,,Local
2024-01-01 23:30:00,Loc_6,-8.459992947880043,114.27719023659833,,46.0,31.42412507728391,Rainy,34.62061312377054,Arterial
2024-01-01 23:45:00,Loc_6,-8.459992947880043,114.27719023659833,69.41359904656186,80.0,20.379014405865057,Rainy,23.652367738959732,Arterial
2024-01-02 00:00:00,Loc_6,-8.459992947880043,114.27719023659833,43.4393360496574,30.0,19.704920954021027,Cloudy,,Collector
2024-01-02 00:15:00,Loc_6,-8.459992947880043,114.27719023659833,,61.0,31.398276937736853,Clear,25.660555581808325,Arterial
2024-01-02 00:30:00,Loc_6,-8.459992947880043,114.27719023659833,58.117281524914375,41.0,,Clear,30.333245103487478,Local
2024-01-02 00:45:00,Loc_6,-8.459992947880043,114.27719023659833,35.502647101371174,,22.001639897043688,Cloudy,21.36375296168468,Collector
2024-01-01 00:00:00,Loc_7,-8.45990255350455,114.43908203895509,,14.0,12.357563929723089,Rainy,29.49419897694267,Arterial
2024-01-01 00:15:00,Loc_7,-8.45990255350455,114.43908203895509,62.08188876276219,57.0,26.56881702026752,Rainy,20.56542444317116,Collector
2024-01-01 00:30:00,Loc_7,-8.45990255350455,114.43908203895509,57.78363321344424,,43.89644773630723,Clear,,Arterial
2024-01-01 00:45:00,Loc_7,-8.45990255350455,114.43908203895509,30.20443312796202,78.0,31.38085666031622,Rainy,24.471537412349118,Collector
2024-01-01 01:00:00,Loc_7,-8.45990255350455,114.43908203895509,37.85520478667537,18.0,,Rainy,33.72497169778509,Arterial
2024-01-01 01:15:00,Loc_7,-8.45990255350455,114.43908203895509,23.53107522489926,69.0,24.116608803760776,Cloudy,25.988292166008918,Local
2024-01-01 01:30:00,Loc_7,-8.45990255350455,114.43908203895509,58.383199244796124,39.0,40.13180451934919,Rainy,29.553440075110103,Local
2024-01-01 01:45:00,Loc_7,-8.45990255350455,114.43908203895509,,57.0,22.69615022313686,Cloudy,25.07881513158324,Arterial
2024-01-01 02:00:00,Loc_7,-8.45990255350455,114.43908203895509,69.72208840616348,49.0,26.740350745307474,Rainy,32.680159012773636,Collector
2024-01-01 02:15:00,Loc_7,-8.45990255350455,114.43908203895509,,89.0,17.084038822296463,Clear,,Collector
2024-01-01 02:30:00,Loc_7,-8.45990255350455,114.43908203895509,,89.0,18.07064321147669,Rainy,,Arterial
2024-01-01 02:45:00,Loc_7,-8.45990255350455,114.43908203895509,54.70224923087806,55.0,39.81864552312068,Cloudy,25.694272608269923,Collector
2024-01-01 03:00:00,Loc_7,-8.45990255350455,114.43908203895509,39.26009215708426,51.0,25.091445698984074,Rainy,22.206366086956244,Arterial
2024-01-01 03:15:00,Loc_7,-8.45990255350455,114.43908203895509,25.569298206935645,41.0,47.20095729321238,Cloudy,31.165436084985554,Local
2024-01-01 03:30:00,Loc_7,-8.45990255350455,114.43908203895509,57.91277063691593,,28.256831600207292,Clear,,Collector
2024-01-01 03:45:00,Loc_7,-8.45990255350455,114.43908203895509,33.80274122431119,96.0,,Cloudy,,Arterial
2024-01-01 04:00:00,Loc_7,-8.45990255350455,114.43908203895509,74.42654049126745,,43.454312942885174,Rainy,29.905307235377933,Local
2024-01-01 04:15:00,Loc_7,-8.45990255350455,114.43908203895509,,,19.54197433659449,Clear,30.687443513644393,Local
2024-01-01 04:30:00,Loc_7,-8.45990255350455,114.43908203895509,66.96544867086025,96.0,,Cloudy,32.09607323343246,Collector
2024-01-01 04:45:00,Loc_7,-8.45990255350455,114.43908203895509,,13.0,38.402041511771245,Clear,20.38041959683837,Arterial
2024-01-01 05:00:00,Loc_7,-8.45990255350455,114.43908203895509,61.21355365060609,13.0,27.357540781677262,Clear,27.007581235003386,Collector
2024-01-01 05:15:00,Loc_7,-8.45990255350455,114.43908203895509,41.684928610041155,81.0,37.52690058519016,Clear,29.252736873411443,Arterial
2024-01-01 05:30:00,Loc_7,-8.45990255350455,114.43908203895509,,54.0,42.347092439919415,Cloudy,,Local
2024-01-01 05:45:00,Loc_7,-8.45990255350455,114.43908203895509,35.93742954390787,31.0,32.121478443098894,Rainy,,Local
2024-01-01 06:00:00,Loc_7,-8.45990255350455,114.43908203895509,78.19369157185673,13.0,,Rainy,23.808407647945458,Arterial
2024-01-01 06:15:00,Loc_7,-8.45990255350455,114.43908203895509,,41.0,33.632902922546606,Rainy,,Collector
2024-01-01 06:30:00,Loc_7,-8.45990255350455,114.43908203895509,70.4331655174629,94.0,41.358351262225966,Cloudy,28.11337103116669,Local
2024-01-01 06:45:00,Loc_7,-8.45990255350455,114.43908203895509,57.92495651473708,91.0,23.917198159722002,Rainy,23.105688010186658,Local
2024-01-01 07:00:00,Loc_7,-8.45990255350455,114.43908203895509,57.45484163587391,54.0,,Clear,32.81285059277551,Arterial
2024-01-01 07:15:00,Loc_7,-8.45990255350455,114.43908203895509,76.79146147989108,,44.661073863238784,Rainy,20.013311813441295,Arterial
2024-01-01 07:30:00,Loc_7,-8.45990255350455,114.43908203895509,69.72499875475984,56.0,35.16940105567508,Rainy,30.178669274936077,Arterial
2024-01-01 07:45:00,Loc_7,-8.45990255350455,114.43908203895509,61.47574092645988,80.0,14.167749162739947,Cloudy,,Local
2024-01-01 08:00:00,Loc_7,-8.45990255350455,114.43908203895509,70.26508172886781,90.0,34.14773704075948,Clear,22.50786352549969,Local
2024-01-01 08:15:00,Loc_7,-8.45990255350455,114.43908203895509,65.74117551067522,93.0,47.118300569054156,Rainy,33.7089849159978,Collector
2024-01-01 08:30:00,Loc_7,-8.45990255350455,114.43908203895509,,86.0,12.875405855430877,Cloudy,22.767863983556232,Local
2024-01-01 08:45:00,Loc_7,-8.45990255350455,114.43908203895509,,89.0,18.572744812852683,Clear,30.10965798350314,Collector
2024-01-01 09:00:00,Loc_7,-8.45990255350455,114.43908203895509,39.771395846282516,29.0,,Cloudy,34.04448453463611,Local
2024-01-01 09:15:00,Loc_7,-8.45990255350455,114.43908203895509,61.873022710830035,60.0,26.049104462456064,Cloudy,31.971150134148857,Arterial
2024-01-01 09:30:00,Loc_7,-8.45990255350455,114.43908203895509,79.45207135064723,81.0,41.75078549514903,Cloudy,32.18012379665836,Local
2024-01-01 09:45:00,Loc_7,-8.45990255350455,114.43908203895509,,53.0,31.89832476473184,Cloudy,34.11103451563318,Arterial
2024-01-01 10:00:00,Loc_7,-8.45990255350455,114.43908203895509,,92.0,28.841920866324493,Rainy,34.6258229400891,Arterial
2024-01-01 10:15:00,Loc_7,-8.45990255350455,114.43908203895509,67.76298420342351,80.0,43.96992314400084,Clear,20.524660275705944,Arterial
2024-01-01 10:30:00,Loc_7,-8.45990255350455,114.43908203895509,79.95616113997902,93.0,,Clear,22.160712467053948,Arterial
2024-01-01 10:45:00,Loc_7,-8.45990255350455,114.43908203895509,23.73698241469651,12.0,,Rainy,31.921618238348657,Local
2024-01-01 11:00:00,Loc_7,-8.45990255350455,114.43908203895509,38.1546408499059,,13.13657441037373,Clear,21.122016927088215,Local
2024-01-01 11:15:00,Loc_7,-8.45990255350455,114.43908203895509,50.41697436982312,27.0,33.883069436581806,Cloudy,,Local
2024-01-01 11:30:00,Loc_7,-8.45990255350455,114.43908203895509,,27.0,28.627838683867672,Rainy,33.773303763898085,Arterial
2024-01-01 11:45:00,Loc_7,-8.45990255350455,114.43908203895509,27.364309388579493,99.0,49.17860977440684,Clear,32.22189403699696,Arterial
2024-01-01 12:00:00,Loc_7,-8.45990255350455,114.43908203895509,50.62600738096894,48.0,13.627678643218285,Clear,34.2361089415737,Local
2024-01-01 12:15:00,Loc_7,-8.45990255350455,114.43908203895509,38.523518237497406,87.0,16.060535011277416,Clear,30.80738246119673,Collector
2024-01-01 12:30:00,Loc_7,-8.45990255350455,114.43908203895509,34.33276499946383,20.0,36.61966215963231,Rainy,,Local
2024-01-01 12:45:00,Loc_7,-8.45990255350455,114.43908203895509,,40.0,49.28923306796938,Cloudy,31.647416895053773,Arterial
2024-01-01 13:00:00,Loc_7,-8.45990255350455,114.43908203895509,,70.0,21.73754441885244,Clear,32.82131012177567,Arterial
2024-01-01 13:15:00,Loc_7,-8.45990255350455,114.43908203895509,21.410598851801154,53.0,,Rainy,34.43789292553711,Collector
2024-01-01 13:30:00,Loc_7,-8.45990255350455,114.43908203895509,40.063574430391675,,47.594769099872366,Clear,29.97345182445376,Collector
2024-01-01 13:45:00,Loc_7,-8.45990255350455,114.43908203895509,78.77256080695004,46.0,30.627008711315604,Rainy,22.459287812153853,Collector
2024-01-01 14:00:00,Loc_7,-8.45990255350455,114.43908203895509,77.02989581325734,81.0,,Cloudy,20.876567603301645,Collector
2024-01-01 14:15:00,Loc_7,-8.45990255350455,114.43908203895509,27.610443859348578,23.0,28.38674326124402,Rainy,21.96707644055109,Arterial
2024-01-01 14:30:00,Loc_7,-8.45990255350455,114.43908203895509,53.957666219469836,,12.973202222187886,Rainy,22.914970518994583,Arterial
2024-01-01 14:45:00,Loc_7,-8.45990255350455,114.43908203895509,73.16750030367001,22.0,24.87885821242032,Cloudy,20.28555268477261,Local
2024-01-01 15:00:00,Loc_7,-8.45990255350455,114.43908203895509,,89.0,,Cloudy,32.067265854547834,Arterial
2024-01-01 15:15:00,Loc_7,-8.45990255350455,114.43908203895509,,14.0,26.21271938838595,Cloudy,25.786931864118728,Arterial
2024-01-01 15:30:00,Loc_7,-8.45990255350455,114.43908203895509,,75.0,16.039287608134536,Rainy,34.54129471040919,Arterial
2024-01-01 15:45:00,Loc_7,-8.45990255350455,114.43908203895509,,56.0,19.665617312707656,Clear,32.56485244951898,Local
2024-01-01 16:00:00,Loc_7,-8.45990255350455,114.43908203895509,25.817196268147434,,17.293785905805493,Cloudy,28.777989939990846,Local
2024-01-01 16:15:00,Loc_7,-8.45990255350455,114.43908203895509,43.61747761982795,73.0,15.177053139870393,Cloudy,28.149305185206636,Arterial
2024-01-01 16:30:00,Loc_7,-8.45990255350455,114.43908203895509,76.42565470101734,77.0,28.32504636081923,Rainy,34.23212241158422,Local
2024-01-01 16:45:00,Loc_7,-8.45990255350455,114.43908203895509,,,27.629317697005384,Cloudy,34.390262669509276,Arterial
2024-01-01 17:00:00,Loc_7,-8.45990255350455,114.43908203895509,44.518509047286045,76.0,20.873697671416217,Rainy,31.644834838305293,Local
2024-01-01 17:15:00,Loc_7,-8.45990255350455,114.43908203895509,66.17959312246526,63.0,13.889209047425336,Rainy,,Arterial
2024-01-01 17:30:00,Loc_7,-8.45990255350455,114.43908203895509,59.183411117336234,,24.348502685930388,Cloudy,33.63829300412574,Collector
2024-01-01 17:45:00,Loc_7,-8.45990255350455,114.43908203895509,77.90850726510263,54.0,,Rainy,33.94686884488896,Collector
2024-01-01 18:00:00,Loc_7,-8.45990255350455,114.43908203895509,59.854661794552996,27.0,44.24069039502531,Clear,23.472708821263836,Collector
2024-01-01 18:15:00,Loc_7,-8.45990255350455,114.43908203895509,44.26813673260138,77.0,,Cloudy,26.200077444576493,Arterial
2024-01-01 18:30:00,Loc_7,-8.45990255350455,114.43908203895509,51.79597383187716,,,Cloudy,27.35299207252118,Local
2024-01-01 18:45:00,Loc_7,-8.45990255350455,114.43908203895509,,43.0,15.109305870436502,Cloudy,29.107484846468132,Collector
2024-01-01 19:00:00,Loc_7,-8.45990255350455,114.43908203895509,74.37121424129867,59.0,,Clear,32.02019655210885,Collector
2024-01-01 19:15:00,Loc_7,-8.45990255350455,114.43908203895509,71.25828029540543,89.0,46.97205776291255,Clear,25.64198101426836,Arterial
2024-01-01 19:30:00,Loc_7,-8.45990255350455,114.43908203895509,64.05060950328237,55.0,17.716692199678246,Rainy,23.787833647775965,Arterial
2024-01-01 19:45:00,Loc_7,-8.45990255350455,114.43908203895509,37.80248702812649,40.0,,Rainy,23.88774784970289,Local
2024-01-01 20:00:00,Loc_7,-8.45990255350455,114.43908203895509,41.38321084751312,36.0,,Clear,28.188462333652843,Arterial
2024-01-01 20:15:00,Loc_7,-8.45990255350455,114.43908203895509,39.85028060299783,86.0,16.664708348849125,Clear,31.945381870998098,Local
2024-01-01 20:30:00,Loc_7,-8.45990255350455,114.43908203895509,55.433975569564,44.0,48.92083815711311,Rainy,34.95126778706096,Arterial
2024-01-01 20:45:00,Loc_7,-8.45990255350455,114.43908203895509,42.57861659891293,32.0,45.96434918174077,Clear,23.237661358300116,Collector
2024-01-01 21:00:00,Loc_7,-8.45990255350455,114.43908203895509,43.99885859057197,90.0,25.217504777161977,Rainy,,Collector
2024-01-01 21:15:00,Loc_7,-8.45990255350455,114.43908203895509,24.18546269661612,55.0,19.673788930139974,Rainy,34.840490758304654,Collector
2024-01-01 21:30:00,Loc_7,-8.45990255350455,114.43908203895509,38.564548965149896,78.0,45.02446889739333,Clear,22.519680032608633,Collector
2024-01-01 21:45:00,Loc_7,-8.45990255350455,114.43908203895509,,,15.84519255651486,Rainy,,Collector
2024-01-01 22:00:00,Loc_7,-8.45990255350455,114.43908203895509,61.6812611642865,,11.233854152626229,Clear,33.937721119458345,Local
2024-01-01 22:15:00,Loc_7,-8.45990255350455,114.43908203895509,61.88785769784589,50.0,43.85545100074399,Clear,25.20433990600128,Collector
2024-01-01 22:30:00,Loc_7,-8.45990255350455,114.43908203895509,77.50311669183236,90.0,33.324326791288286,Clear,23.875284643826156,Local
2024-01-01 22:45:00,Loc_7,-8.45990255350455,114.43908203895509,58.53656999676532,,,Cloudy,25.129714739199414,Collector
2024-01-01 23:00:00,Loc_7,-8.45990255350455,114.43908203895509,74.81198603768551,37.0,29.172288313344424,Rainy,22.659855537866797,Arterial
2024-01-01 23:15:00,Loc_7,-8.45990255350455,114.43908203895509,,59.0,14.867633306499268,Clear,21.48663672645952,Collector
2024-01-01 23:30:00,Loc_7,-8.45990255350455,114.43908203895509,53.46599549610522,,,Clear,32.144627824461224,Local
2024-01-01 23:45:00,Loc_7,-8.45990255350455,114.43908203895509,28.452450022517613,14.0,34.38398382875625,Clear,30.850106985091408,Local
2024-01-02 00:00:00,Loc_7,-8.45990255350455,114.43908203895509,75.75788971116239,36.0,34.781417524641284,Clear,29.928430387347994,Collector
2024-01-02 00:15:00,Loc_7,-8.45990255350455,114.43908203895509,73.36217262714032,,,Clear,20.03435539012246,Local
2024-01-02 00:30:00,Loc_7,-8.45990255350455,114.43908203895509,52.842521204916636,42.0,16.476626951677254,Clear,22.743323121447933,Local
2024-01-02 00:45:00,Loc_7,-8.45990255350455,114.43908203895509,68.27947970489079,96.0,49.20915284057085,Cloudy,33.68202210110666,Local
2024-01-01 00:00:00,Loc_8,-8.058758757076312,114.21018862945307,27.664569046966378,73.0,38.61183850816642,Rainy,33.148954894904676,Arterial
2024-01-01 00:15:00,Loc_8,-8.058758757076312,114.21018862945307,29.460271811779947,,34.019064614883696,Clear,31.03958329849464,Arterial
2024-01-01 00:30:00,Loc_8,-8.058758757076312,114.21018862945307,23.320210013129866,22.0,31.42896309741678,Clear,24.967408585078456,Arterial
2024-01-01 00:45:00,Loc_8,-8.058758757076312,114.21018862945307,54.92553742328924,43.0,,Cloudy,,Arterial
2024-01-01 01:00:00,Loc_8,-8.058758757076312,114.21018862945307,,77.0,22.09642248797998,Clear,24.76935705416774,Arterial
2024-01-01 01:15:00,Loc_8,-8.058758757076312,114.21018862945307,54.96536175935898,22.0,20.324091189740386,Rainy,32.253896491056835,Arterial
2024-01-01 01:30:00,Loc_8,-8.058758757076312,114.21018862945307,,68.0,,Rainy,25.47725383020849,Collector
2024-01-01 01:45:00,Loc_8,-8.058758757076312,114.21018862945307,45.68475969442525,50.0,,Cloudy,,Local
2024-01-01 02:00:00,Loc_8,-8.058758757076312,114.21018862945307,,11.0,18.44057298711158,Cloudy,,Collector
2024-01-01 02:15:00,Loc_8,-8.058758757076312,114.21018862945307,,46.0,22.712820873755213,Rainy,24.601639207813342,Local
2024-01-01 02:30:00,Loc_8,-8.058758757076312,114.21018862945307,,,44.23233573857302,Clear,29.237253529925244,Collector
2024-01-01 02:45:00,Loc_8,-8.058758757076312,114.21018862945307,,,27.691416125130836,Clear,21.19039402611227,Arterial
2024-01-01 03:00:00,Loc_8,-8.058758757076312,114.21018862945307,72.5950486843875,83.0,48.64913902692902,Rainy,,Arterial
2024-01-01 03:15:00,Loc_8,-8.058758757076312,114.21018862945307,42.81000449121078,69.0,12.897173557214515,Cloudy,24.39561948857427,Local
2024-01-01 03:30:00,Loc_8,-8.058758757076312,114.21018862945307,26.19193329849894,,,Cloudy,25.26919825256897,Collector
2024-01-01 03:45:00,Loc_8,-8.058758757076312,114.21018862945307,50.78125547867725,53.0,,Clear,21.591695616636766,Collector
2024-01-01 04:00:00,Loc_8,-8.058758757076312,114.21018862945307,53.56308241957339,81.0,,Rainy,,Local
2024-01-01 04:15:00,Loc_8,-8.058758757076312,114.21018862945307,,28.0,,Rainy,20.805334115376976,Arterial
2024-01-01 04:30:00,Loc_8,-8.058758757076312,114.21018862945307,64.6985748643948,43.0,14.365672204428716,Clear,24.72278282139938,Collector
2024-01-01 04:45:00,Loc_8,-8.058758757076312,114.21018862945307,72.6040088333014,95.0,,Rainy,,Collector
2024-01-01 05:00:00,Loc_8,-8.058758757076312,114.21018862945307,32.629811101003575,,17.687813814091488,Cloudy,21.287308421450895,Local
2024-01-01 05:15:00,Loc_8,-8.058758757076312,114.21018862945307,48.26751565534833,61.0,,Rainy,21.619302246738272,Collector
2024-01-01 05:30:00,Loc_8,-8.058758757076312,114.21018862945307,58.63746233906313,86.0,39.76430788707847,Cloudy,26.837682625850007,Local
2024-01-01 05:45:00,Loc_8,-8.058758757076312,114.21018862945307,56.92391529458838,,35.356154174093646,Cloudy,21.255697539454644,Local
2024-01-01 06:00:00,Loc_8,-8.058758757076312,114.21018862945307,56.79595500560895,,26.45620090744368,Rainy,30.971104698588654,Local
2024-01-01 06:15:00,Loc_8,-8.058758757076312,114.21018862945307,30.98922159437408,,27.810956950098912,Rainy,25.175844055128394,Collector
2024-01-01 06:30:00,Loc_8,-8.058758757076312,114.21018862945307,,76.0,34.99214192448265,Rainy,22.096325156415585,Collector
2024-01-01 06:45:00,Loc_8,-8.058758757076312,114.21018862945307,47.35225358293441,67.0,,Clear,29.161956126662645,Local
2024-01-01 07:00:00,Loc_8,-8.058758757076312,114.21018862945307,24.36169786745291,96.0,33.76558701608088,Cloudy,28.42959112801996,Collector
2024-01-01 07:15:00,Loc_8,-8.058758757076312,114.21018862945307,43.99272168569577,15.0,22.608014082572492,Rainy,25.794265328551276,Arterial
2024-01-01 07:30:00,Loc_8,-8.058758757076312,114.21018862945307,43.29862152256803,77.0,35.66022489943634,Rainy,28.447470578784873,Local
2024-01-01 07:45:00,Loc_8,-8.058758757076312,114.21018862945307,,91.0,28.356643685347272,Clear,20.25817143083259,Arterial
2024-01-01 08:00:00,Loc_8,-8.058758757076312,114.21018862945307,29.41684591551507,59.0,25.238676279897483,Rainy,21.22892916311491,Collector
2024-01-01 08:15:00,Loc_8,-8.058758757076312,114.21018862945307,25.23839302802134,44.0,,Cloudy,,Local
2024-01-01 08:30:00,Loc_8,-8.058758757076312,114.21018862945307,64.9358187628101,83.0,48.14385095292303,Rainy,,Collector
2024-01-01 08:45:00,Loc_8,-8.058758757076312,114.21018862945307,,97.0,10.02910666707081,Cloudy,26.648904410942848,Local
2024-01-01 09:00:00,Loc_8,-8.058758757076312,114.21018862945307,,85.0,22.69596620220917,Rainy,26.847966658306422,Collector
2024-01-01 09:15:00,Loc_8,-8.058758757076312,114.21018862945307,57.903088000127426,53.0,24.334642386018274,Cloudy,,Arterial
2024-01-01 09:30:00,Loc_8,-8.058758757076312,114.21018862945307,,30.0,,Rainy,33.68949481598186,Collector
2024-01-01 09:45:00,Loc_8,-8.058758757076312,114.21018862945307,35.917486058104245,49.0,37.8456781272809,Clear,,Local
2024-01-01 10:00:00,Loc_8,-8.058758757076312,114.21018862945307,,40.0,,Clear,25.424784716379698,Local
2024-01-01 10:15:00,Loc_8,-8.058758757076312,114.21018862945307,22.643810032056248,98.0,29.607686005123828,Cloudy,20.530107572497,Collector
2024-01-01 10:30:00,Loc_8,-8.058758757076312,114.21018862945307,71.15893488890251,31.0,42.01457790913965,Cloudy,,Local
2024-01-01 10:45:00,Loc_8,-8.058758757076312,114.21018862945307,37.96611496203204,31.0,46.80177721971878,Rainy,32.26574201305977,Collector
2024-01-01 11:00:00,Loc_8,-8.058758757076312,114.21018862945307,,74.0,41.516180726459666,Cloudy,25.238881794257367,Arterial
2024-01-01 11:15:00,Loc_8,-8.058758757076312,114.21018862945307,43.608254080755806,,,Clear,28.656736923925287,Arterial
2024-01-01 11:30:00,Loc_8,-8.058758757076312,114.21018862945307,62.26383625900382,32.0,48.92901264770801,Clear,,Arterial
2024-01-01 11:45:00,Loc_8,-8.058758757076312,114.21018862945307,75.20378381681161,57.0,48.29709776791306,Clear,25.384456588836613,Local
2024-01-01 12:00:00,Loc_8,-8.058758757076312,114.21018862945307,28.910604232137942,70.0,25.87248670896595,Rainy,21.96280175117183,Local
2024-01-01 12:15:00,Loc_8,-8.058758757076312,114.21018862945307,,,16.276180405226267,Clear,24.830125174292522,Collector
2024-01-01 12:30:00,Loc_8,-8.058758757076312,114.21018862945307,27.442063069793946,20.0,12.061657540284244,Clear,34.89623029510393,Collector
2024-01-01 12:45:00,Loc_8,-8.058758757076312,114.21018862945307,74.42774929194493,,41.668696392092016,Clear,33.5053225843801,Collector
2024-01-01 13:00:00,Loc_8,-8.058758757076312,114.21018862945307,47.610593165055974,91.0,21.35272634083516,Clear,21.842627094459804,Arterial
2024-01-01 13:15:00,Loc_8,-8.058758757076312,114.21018862945307,39.393659954999784,,18.518199323679426,Rainy,24.593236792096874,Collector
2024-01-01 13:30:00,Loc_8,-8.058758757076312,114.21018862945307,54.11428586651194,96.0,40.03499654614918,Rainy,32.56612109572229,Collector
2024-01-01 13:45:00,Loc_8,-8.058758757076312,114.21018862945307,53.12549627512856,64.0,23.330363434691517,Rainy,25.52409076826842,Local
2024-01-01 14:00:00,Loc_8,-8.058758757076312,114.21018862945307,,89.0,22.21799931757574,Clear,31.194066011500702,Local
2024-01-01 14:15:00,Loc_8,-8.058758757076312,114.21018862945307,54.97592413533074,34.0,,Cloudy,31.03096360934498,Local
2024-01-01 14:30:00,Loc_8,-8.058758757076312,114.21018862945307,31.268642252267714,66.0,33.218587991974836,Clear,23.514002431694923,Collector
2024-01-01 14:45:00,Loc_8,-8.058758757076312,114.21018862945307,64.38819856245867,45.0,33.36395445189743,Clear,31.71057494328492,Local
2024-01-01 15:00:00,Loc_8,-8.058758757076312,114.21018862945307,45.350558267107004,,22.714550641996606,Cloudy,23.5793852663601,Arterial
2024-01-01 15:15:00,Loc_8,-8.058758757076312,114.21018862945307,23.271952651921016,67.0,35.62616604249808,Rainy,22.397336710697104,Collector
2024-01-01 15:30:00,Loc_8,-8.058758757076312,114.21018862945307,,,40.613792323638165,Rainy,31.376412611777333,Collector
2024-01-01 15:45:00,Loc_8,-8.058758757076312,114.21018862945307,54.093100929483356,22.0,39.03970396929454,Clear,34.91164424908196,Collector
2024-01-01 16:00:00,Loc_8,-8.058758757076312,114.21018862945307,45.94764483962226,,20.892476509145457,Clear,,Collector
2024-01-01 16:15:00,Loc_8,-8.058758757076312,114.21018862945307,50.46645271509595,72.0,,Clear,26.738453474326505,Arterial
2024-01-01 16:30:00,Loc_8,-8.058758757076312,114.21018862945307,41.79045916168792,,47.91769905751397,Rainy,23.297748920108102,Arterial
2024-01-01 16:45:00,Loc_8,-8.058758757076312,114.21018862945307,57.173057667232136,93.0,37.00553826141022,Clear,20.626125794787786,Arterial
2024-01-01 17:00:00,Loc_8,-8.058758757076312,114.21018862945307,54.676583880174924,95.0,42.115702060460926,Cloudy,31.831832092786676,Arterial
2024-01-01 17:15:00,Loc_8,-8.058758757076312,114.21018862945307,59.27230510469141,85.0,33.392203865459074,Rainy,34.77457283144854,Local
2024-01-01 17:30:00,Loc_8,-8.058758757076312,114.21018862945307,72.54962759906472,51.0,26.95636769758793,Rainy,21.35777397158454,Local
2024-01-01 17:45:00,Loc_8,-8.058758757076312,114.21018862945307,45.65062582499178,,,Rainy,24.52843728594179,Arterial
2024-01-01 18:00:00,Loc_8,-8.058758757076312,114.21018862945307,22.025142682776476,41.0,,Cloudy,27.889414340810582,Local
2024-01-01 18:15:00,Loc_8,-8.058758757076312,114.21018862945307,47.83173859447017,28.0,,Cloudy,34.79564936952234,Arterial
2024-01-01 18:30:00,Loc_8,-8.058758757076312,114.21018862945307,53.76829300455363,80.0,27.942114413975403,Rainy,,Collector
2024-01-01 18:45:00,Loc_8,-8.058758757076312,114.21018862945307,,62.0,,Rainy,24.0618301418224,Local
2024-01-01 19:00:00,Loc_8,-8.058758757076312,114.21018862945307,50.89651441699296,35.0,11.133784919118593,Rainy,34.214587726216614,Arterial
2024-01-01 19:15:00,Loc_8,-8.058758757076312,114.21018862945307,,48.0,26.469150671331498,Clear,,Local
2024-01-01 19:30:00,Loc_8,-8.058758757076312,114.21018862945307,68.22882542942592,,43.75951398800566,Clear,34.18929526462489,Arterial
2024-01-01 19:45:00,Loc_8,-8.058758757076312,114.21018862945307,45.8565357398656,70.0,,Cloudy,34.85060949736539,Arterial
2024-01-01 20:00:00,Loc_8,-8.058758757076312,114.21018862945307,72.01716034900161,49.0,30.38864082622339,Cloudy,29.291659137925848,Arterial
2024-01-01 20:15:00,Loc_8,-8.058758757076312,114.21018862945307,69.31815570718862,79.0,23.539702241151574,Rainy,28.653930328512207,Collector
2024-01-01 20:30:00,Loc_8,-8.058758757076312,114.21018862945307,54.24092270906327,,38.34018481289435,Cloudy,20.488499395771495,Arterial
2024-01-01 20:45:00,Loc_8,-8.058758757076312,114.21018862945307,77.87375944990843,17.0,25.693808358971445,Rainy,29.719148032043037,Collector
2024-01-01 21:00:00,Loc_8,-8.058758757076312,114.21018862945307,23.99185325848215,,,Cloudy,,Collector
2024-01-01 21:15:00,Loc_8,-8.058758757076312,114.21018862945307,66.89824565542628,12.0,14.832661137464065,Clear,29.452942054942092,Arterial
2024-01-01 21:30:00,Loc_8,-8.058758757076312,114.21018862945307,30.03296049473589,17.0,30.73654630912758,Clear,31.07586940876213,Local
2024-01-01 21:45:00,Loc_8,-8.058758757076312,114.21018862945307,36.32795582180635,36.0,16.49445393571024,Rainy,30.29559690430964,Local
2024-01-01 22:00:00,Loc_8,-8.058758757076312,114.21018862945307,58.764685838861276,97.0,,Clear,20.38314880773891,Arterial
2024-01-01 22:15:00,Loc_8,-8.058758757076312,114.21018862945307,20.890080823862032,99.0,48.542938778632056,Clear,21.31158586696588,Collector
2024-01-01 22:30:00,Loc_8,-8.058758757076312,114.21018862945307,73.39911150657625,10.0,34.38853628114298,Cloudy,28.444743620447287,Collector
2024-01-01 22:45:00,Loc_8,-8.058758757076312,114.21018862945307,61.007676320777456,15.0,47.89531718658352,Cloudy,20.528164241071114,Collector
2024-01-01 23:00:00,Loc_8,-8.058758757076312,114.21018862945307,26.328735133839444,32.0,,Clear,28.618322784442014,Collector
2024-01-01 23:15:00,Loc_8,-8.058758757076312,114.21018862945307,39.22185939087963,42.0,41.25104738097771,Clear,26.807388484067182,Collector
2024-01-01 23:30:00,Loc_8,-8.058758757076312,114.21018862945307,58.62452967132567,15.0,,Rainy,,Local
2024-01-01 23:45:00,Loc_8,-8.058758757076312,114.21018862945307,76.69684515725073,,14.442798175008896,Rainy,30.298796118124386,Collector
2024-01-02 00:00:00,Loc_8,-8.058758757076312,114.21018862945307,21.189648494381444,48.0,38.06036666564438,Rainy,,Local
2024-01-02 00:15:00,Loc_8,-8.058758757076312,114.21018862945307,60.558513823705624,64.0,20.417761144148052,Rainy,26.332516290863893,Local
2024-01-02 00:30:00,Loc_8,-8.058758757076312,114.21018862945307,46.06817041090055,,10.685950105510162,Clear,20.255180609857405,Local
2024-01-02 00:45:00,Loc_8,-8.058758757076312,114.21018862945307,49.632533245948345,40.0,49.177265545007025,Rainy,24.86586680229032,Collector
2024-01-01 00:00:00,Loc_9,-8.36310462393603,114.30469453301693,64.90782936131782,87.0,34.35244424996827,Cloudy,31.23587229386045,Local
2024-01-01 00:15:00,Loc_9,-8.36310462393603,114.30469453301693,55.31378878619732,,20.82207079082324,Clear,32.736648374294006,Local
2024-01-01 00:30:00,Loc_9,-8.36310462393603,114.30469453301693,64.46164085889966,,43.413506592324225,Clear,29.949696423274453,Local
2024-01-01 00:45:00,Loc_9,-8.36310462393603,114.30469453301693,43.67896747163925,38.0,49.582288345876236,Cloudy,26.721173002925962,Arterial
2024-01-01 01:00:00,Loc_9,-8.36310462393603,114.30469453301693,30.553910238259864,25.0,31.091728301264364,Rainy,33.169255583178895,Collector
2024-01-01 01:15:00,Loc_9,-8.36310462393603,114.30469453301693,,,37.066235306637026,Cloudy,,Collector
2024-01-01 01:30:00,Loc_9,-8.36310462393603,114.30469453301693,34.35974440405069,97.0,17.04487080703966,Cloudy,27.061986296996444,Arterial
2024-01-01 01:45:00,Loc_9,-8.36310462393603,114.30469453301693,,87.0,16.839146066552892,Clear,27.524988570349493,Collector
2024-01-01 02:00:00,Loc_9,-8.36310462393603,114.30469453301693,38.8346668974234,,,Rainy,26.800472921640747,Local
2024-01-01 02:15:00,Loc_9,-8.36310462393603,114.30469453301693,58.370797284315714,99.0,11.684740230240504,Rainy,27.055080951439543,Arterial
2024-01-01 02:30:00,Loc_9,-8.36310462393603,114.30469453301693,21.41978738724261,54.0,23.728986266582645,Rainy,32.68154190453334,Collector
2024-01-01 02:45:00,Loc_9,-8.36310462393603,114.30469453301693,23.829231236313742,67.0,,Rainy,27.14733009055164,Arterial
2024-01-01 03:00:00,Loc_9,-8.36310462393603,114.30469453301693,34.883689818451316,98.0,45.95871221827183,Cloudy,,Arterial
2024-01-01 03:15:00,Loc_9,-8.36310462393603,114.30469453301693,49.7067101433604,79.0,33.87231049037399,Cloudy,33.00973695214476,Arterial
2024-01-01 03:30:00,Loc_9,-8.36310462393603,114.30469453301693,,96.0,15.531849281150159,Cloudy,,Local
2024-01-01 03:45:00,Loc_9,-8.36310462393603,114.30469453301693,22.573725602827693,83.0,42.40711389539449,Clear,,Collector
2024-01-01 04:00:00,Loc_9,-8.36310462393603,114.30469453301693,51.192975383257895,59.0,49.35712542050853,Cloudy,27.37223576782847,Arterial
2024-01-01 04:15:00,Loc_9,-8.36310462393603,114.30469453301693,52.16442624464681,25.0,,Clear,28.832789844302795,Arterial
2024-01-01 04:30:00,Loc_9,-8.36310462393603,114.30469453301693,,63.0,40.858843381513,Clear,,Arterial
2024-01-01 04:45:00,Loc_9,-8.36310462393603,114.30469453301693,61.054649753391516,30.0,27.862457910549526,Clear,23.030688179933133,Collector
2024-01-01 05:00:00,Loc_9,-8.36310462393603,114.30469453301693,45.00118250351265,51.0,29.07475886202628,Rainy,24.67825377119076,Local
2024-01-01 05:15:00,Loc_9,-8.36310462393603,114.30469453301693,66.87575630032367,61.0,,Rainy,28.88037977992617,Local
2024-01-01 05:30:00,Loc_9,-8.36310462393603,114.30469453301693,44.494239593554596,,29.56455369683671,Cloudy,33.80274848088186,Arterial
2024-01-01 05:45:00,Loc_9,-8.36310462393603,114.30469453301693,,86.0,30.09823545748574,Clear,21.78641613095223,Arterial
2024-01-01 06:00:00,Loc_9,-8.36310462393603,114.30469453301693,68.42416216769804,66.0,39.06025547605359,Cloudy,29.230066626275242,Arterial
2024-01-01 06:15:00,Loc_9,-8.36310462393603,114.30469453301693,35.67176222682545,26.0,,Rainy,,Collector
2024-01-01 06:30:00,Loc_9,-8.36310462393603,114.30469453301693,29.636503272741425,38.0,,Cloudy,21.290917479385655,Local
2024-01-01 06:45:00,Loc_9,-8.36310462393603,114.30469453301693,72.39026803130096,63.0,10.537553377350836,Rainy,24.498566696261932,Arterial
2024-01-01 07:00:00,Loc_9,-8.36310462393603,114.30469453301693,22.265054440498957,96.0,19.753417180857884,Rainy,24.887586078532976,Collector
2024-01-01 07:15:00,Loc_9,-8.36310462393603,114.30469453301693,36.28642322057165,,20.569129772707427,Rainy,22.693075579806038,Arterial
2024-01-01 07:30:00,Loc_9,-8.36310462393603,114.30469453301693,39.41968158247379,61.0,,Clear,26.047723284264563,Local
2024-01-01 07:45:00,Loc_9,-8.36310462393603,114.30469453301693,59.37065413158548,10.0,,Clear,32.57810051518484,Local
2024-01-01 08:00:00,Loc_9,-8.36310462393603,114.30469453301693,,38.0,17.345274613781783,Cloudy,25.46739430425073,Local
2024-01-01 08:15:00,Loc_9,-8.36310462393603,114.30469453301693,41.641338485828,67.0,,Clear,23.66525100971917,Local
2024-01-01 08:30:00,Loc_9,-8.36310462393603,114.30469453301693,,54.0,38.96518489841062,Clear,25.196967828059186,Arterial
2024-01-01 08:45:00,Loc_9,-8.36310462393603,114.30469453301693,35.163716083527284,92.0,35.89994492145159,Clear,28.406357682125446,Arterial
2024-01-01 09:00:00,Loc_9,-8.36310462393603,114.30469453301693,67.22475697268555,,49.61496770844134,Clear,25.774898395435915,Collector
2024-01-01 09:15:00,Loc_9,-8.36310462393603,114.30469453301693,,12.0,,Clear,27.95498936637692,Local
2024-01-01 09:30:00,Loc_9,-8.36310462393603,114.30469453301693,50.849172748347925,75.0,44.292212116729054,Clear,,Collector
2024-01-01 09:45:00,Loc_9,-8.36310462393603,114.30469453301693,33.67892569080942,49.0,23.95413351277186,Cloudy,32.7950002995515,Collector
2024-01-01 10:00:00,Loc_9,-8.36310462393603,114.30469453301693,53.814197238795465,,34.1291850528453,Clear,20.562595196688886,Arterial
2024-01-01 10:15:00,Loc_9,-8.36310462393603,114.30469453301693,44.93903944871279,69.0,46.20977104462242,Clear,33.33122329115732,Local
2024-01-01 10:30:00,Loc_9,-8.36310462393603,114.30469453301693,79.91933123934979,12.0,21.68481531919637,Cloudy,26.85011293145547,Arterial
2024-01-01 10:45:00,Loc_9,-8.36310462393603,114.30469453301693,,94.0,22.999177755920503,Rainy,25.25453039136051,Collector
2024-01-01 11:00:00,Loc_9,-8.36310462393603,114.30469453301693,73.80487517245462,34.0,15.430453072018846,Clear,27.438824567868487,Arterial
2024-01-01 11:15:00,Loc_9,-8.36310462393603,114.30469453301693,37.84305512756014,72.0,32.06770577788609,Cloudy,21.987531796586584,Arterial
2024-01-01 11:30:00,Loc_9,-8.36310462393603,114.30469453301693,51.563376402048156,35.0,20.778247206154834,Clear,22.795047125008505,Local
2024-01-01 11:45:00,Loc_9,-8.36310462393603,114.30469453301693,74.50309035194515,11.0,13.72106043259941,Clear,32.916125379502915,Arterial
2024-01-01 12:00:00,Loc_9,-8.36310462393603,114.30469453301693,76.57424696872557,23.0,29.980153885801837,Cloudy,,Local
2024-01-01 12:15:00,Loc_9,-8.36310462393603,114.30469453301693,28.442140115093466,,23.870829066003342,Cloudy,21.739772871741916,Local
2024-01-01 12:30:00,Loc_9,-8.36310462393603,114.30469453301693,48.0908892146311,16.0,15.07967024188805,Cloudy,22.3374969001366,Arterial
2024-01-01 12:45:00,Loc_9,-8.36310462393603,114.30469453301693,,39.0,12.056836692469584,Clear,24.590748992643142,Collector
2024-01-01 13:00:00,Loc_9,-8.36310462393603,114.30469453301693,55.97328745796824,30.0,,Clear,20.147895851470274,Collector
2024-01-01 13:15:00,Loc_9,-8.36310462393603,114.30469453301693,39.00083163252023,34.0,12.242269244723802,Cloudy,30.036263454195396,Arterial
2024-01-01 13:30:00,Loc_9,-8.36310462393603,114.30469453301693,24.66948059641333,28.0,37.23449828917618,Rainy,31.79919184492756,Arterial
2024-01-01 13:45:00,Loc_9,-8.36310462393603,114.30469453301693,,81.0,20.5590395032551,Rainy,,Local
2024-01-01 14:00:00,Loc_9,-8.36310462393603,114.30469453301693,58.88326941954429,29.0,33.6049616953824,Cloudy,28.261762676772676,Local
2024-01-01 14:15:00,Loc_9,-8.36310462393603,114.30469453301693,56.00374114544233,,44.51003539767141,Clear,25.87309306429531,Local
2024-01-01 14:30:00,Loc_9,-8.36310462393603,114.30469453301693,78.57157647652686,26.0,35.48207935967169,Cloudy,22.73019909873077,Local
2024-01-01 14:45:00,Loc_9,-8.36310462393603,114.30469453301693,,,,Rainy,33.91447289511317,Collector
2024-01-01 15:00:00,Loc_9,-8.36310462393603,114.30469453301693,67.35451835555781,14.0,19.220258022804245,Cloudy,21.35412936628472,Arterial
2024-01-01 15:15:00,Loc_9,-8.36310462393603,114.30469453301693,,34.0,28.382601195142705,Clear,20.04499026403586,Local
2024-01-01 15:30:00,Loc_9,-8.36310462393603,114.30469453301693,45.85302334863066,25.0,,Clear,27.04663265617711,Arterial
2024-01-01 15:45:00,Loc_9,-8.36310462393603,114.30469453301693,76.10107714976135,53.0,,Rainy,23.54018762567322,Local
2024-01-01 16:00:00,Loc_9,-8.36310462393603,114.30469453301693,24.571025261901987,49.0,14.768813335603257,Cloudy,24.897576236792826,Arterial
2024-01-01 16:15:00,Loc_9,-8.36310462393603,114.30469453301693,42.12683614697046,,46.46677382283575,Cloudy,31.09610955256346,Local
2024-01-01 16:30:00,Loc_9,-8.36310462393603,114.30469453301693,40.26533781285015,33.0,,Rainy,23.039003718964857,Arterial
2024-01-01 16:45:00,Loc_9,-8.36310462393603,114.30469453301693,,,29.3755743453689,Clear,30.982615138332392,Collector
2024-01-01 17:00:00,Loc_9,-8.36310462393603,114.30469453301693,27.717509678552368,96.0,,Clear,,Local
2024-01-01 17:15:00,Loc_9,-8.36310462393603,114.30469453301693,,,15.940588151092957,Clear,25.91346679988902,Arterial
2024-01-01 17:30:00,Loc_9,-8.36310462393603,114.30469453301693,73.96358005177149,48.0,,Cloudy,21.27935894343473,Arterial
2024-01-01 17:45:00,Loc_9,-8.36310462393603,114.30469453301693,63.77729340485436,88.0,35.017108193094444,Cloudy,33.32900804770215,Collector
2024-01-01 18:00:00,Loc_9,-8.36310462393603,114.30469453301693,58.202319350963386,56.0,,Clear,33.11866901640739,Collector
2024-01-01 18:15:00,Loc_9,-8.36310462393603,114.30469453301693,,80.0,47.64786129856197,Rainy,,Collector
2024-01-01 18:30:00,Loc_9,-8.36310462393603,114.30469453301693,42.33954629478214,59.0,34.6664547624827,Cloudy,34.51713578783848,Collector
2024-01-01 18:45:00,Loc_9,-8.36310462393603,114.30469453301693,33.83730935628121,33.0,,Clear,33.48122362515716,Local
2024-01-01 19:00:00,Loc_9,-8.36310462393603,114.30469453301693,70.18331601894889,13.0,21.732622372470615,Rainy,24.040601381438975,Local
2024-01-01 19:15:00,Loc_9,-8.36310462393603,114.30469453301693,72.03432302855327,79.0,45.89745840956005,Clear,28.572184651997844,Local
2024-01-01 19:30:00,Loc_9,-8.36310462393603,114.30469453301693,66.8430295456066,16.0,19.853980683450576,Clear,27.412634585912638,Collector
2024-01-01 19:45:00,Loc_9,-8.36310462393603,114.30469453301693,,30.0,,Clear,,Collector
2024-01-01 20:00:00,Loc_9,-8.36310462393603,114.30469453301693,33.76874325330786,,15.223206557934489,Cloudy,32.641180094256,Collector
2024-01-01 20:15:00,Loc_9,-8.36310462393603,114.30469453301693,,98.0,39.87697639746948,Clear,29.05036553733508,Collector
2024-01-01 20:30:00,Loc_9,-8.36310462393603,114.30469453301693,76.51986810010987,29.0,44.05719505030531,Rainy,21.234970264057544,Local
2024-01-01 20:45:00,Loc_9,-8.36310462393603,114.30469453301693,24.749423387343402,96.0,25.115008728220523,Cloudy,33.19053596684052,Local
2024-01-01 21:00:00,Loc_9,-8.36310462393603,114.30469453301693,37.60501817753931,29.0,16.653315285289732,Cloudy,29.548382496913185,Collector
2024-01-01 21:15:00,Loc_9,-8.36310462393603,114.30469453301693,53.78399664843989,17.0,28.522070585506736,Rainy,25.27391117950394,Arterial
2024-01-01 21:30:00,Loc_9,-8.36310462393603,114.30469453301693,,17.0,38.49369661320177,Cloudy,,Arterial
2024-01-01 21:45:00,Loc_9,-8.36310462393603,114.30469453301693,46.878549655069364,,42.45810028217194,Clear,,Local
2024-01-01 22:00:00,Loc_9,-8.36310462393603,114.30469453301693,26.39084356229685,78.0,28.069614607011818,Clear,33.29280737111379,Collector
2024-01-01 22:15:00,Loc_9,-8.36310462393603,114.30469453301693,,18.0,19.88856977809746,Cloudy,33.745463771719855,Arterial
2024-01-01 22:30:00,Loc_9,-8.36310462393603,114.30469453301693,47.22542160282735,,46.85576851889694,Clear,,Collector
2024-01-01 22:45:00,Loc_9,-8.36310462393603,114.30469453301693,29.37986088196664,74.0,13.384207528152485,Clear,28.480953122868904,Collector
2024-01-01 23:00:00,Loc_9,-8.36310462393603,114.30469453301693,73.62663571130275,98.0,39.63433048815372,Clear,31.699436046974917,Arterial
2024-01-01 23:15:00,Loc_9,-8.36310462393603,114.30469453301693,66.19897376134263,89.0,43.74115834443498,Cloudy,33.838285916653035,Collector
2024-01-01 23:30:00,Loc_9,-8.36310462393603,114.30469453301693,53.66113444155386,81.0,14.313696758341422,Rainy,29.6131021060973,Arterial
2024-01-01 23:45:00,Loc_9,-8.36310462393603,114.30469453301693,24.721241871689635,87.0,,Clear,31.199757965919265,Arterial
2024-01-02 00:00:00,Loc_9,-8.36310462393603,114.30469453301693,67.0232278334674,,19.45193742561997,Clear,,Local
2024-01-02 00:15:00,Loc_9,-8.36310462393603,114.30469453301693,26.541664246639037,31.0,,Clear,27.510281054044952,Local
2024-01-02 00:30:00,Loc_9,-8.36310462393603,114.30469453301693,31.55989410428436,,27.47620766673911,Cloudy,29.836224535729748,Local
2024-01-02 00:45:00,Loc_9,-8.36310462393603,114.30469453301693,,19.0,16.939114927320148,Rainy,23.671231554143244,Arterial
2024-01-01 00:00:00,Loc_10,-8.336954409581313,114.38856812090503,29.98242260972181,39.0,33.0847035945266,Cloudy,22.850962866812637,Collector
2024-01-01 00:15:00,Loc_10,-8.336954409581313,114.38856812090503,43.40933802924059,48.0,39.50139931852753,Clear,25.377506052692198,Local
2024-01-01 00:30:00,Loc_10,-8.336954409581313,114.38856812090503,59.784061194853415,76.0,47.46439651413764,Cloudy,27.111879215011903,Local
2024-01-01 00:45:00,Loc_10,-8.336954409581313,114.38856812090503,47.39693604388563,98.0,42.28106695010901,Cloudy,23.763955158581453,Arterial
2024-01-01 01:00:00,Loc_10,-8.336954409581313,114.38856812090503,22.27589994497583,,,Clear,29.702357056990138,Local
2024-01-01 01:15:00,Loc_10,-8.336954409581313,114.38856812090503,31.110539225727713,,39.309259005966126,Rainy,,Collector
2024-01-01 01:30:00,Loc_10,-8.336954409581313,114.38856812090503,79.68819179345849,98.0,24.46873217535272,Clear,29.885002035185156,Arterial
2024-01-01 01:45:00,Loc_10,-8.336954409581313,114.38856812090503,38.087135254507366,75.0,46.10465687268651,Clear,30.519383661713753,Collector
2024-01-01 02:00:00,Loc_10,-8.336954409581313,114.38856812090503,65.45240743850371,28.0,17.898236849468965,Clear,27.959580988428417,Arterial
2024-01-01 02:15:00,Loc_10,-8.336954409581313,114.38856812090503,56.023860085254455,,31.724311435813707,Cloudy,,Local
2024-01-01 02:30:00,Loc_10,-8.336954409581313,114.38856812090503,30.369552354257923,28.0,48.7704144906587,Clear,31.27288392422537,Arterial
2024-01-01 02:45:00,Loc_10,-8.336954409581313,114.38856812090503,46.33121371302269,,,Rainy,23.77265274382861,Arterial
2024-01-01 03:00:00,Loc_10,-8.336954409581313,114.38856812090503,76.67015428565082,64.0,,Rainy,30.91839674959472,Local
2024-01-01 03:15:00,Loc_10,-8.336954409581313,114.38856812090503,46.105819926493105,57.0,12.527504449555051,Clear,,Local
2024-01-01 03:30:00,Loc_10,-8.336954409581313,114.38856812090503,64.71307432098723,12.0,34.354917656329945,Cloudy,,Collector
2024-01-01 03:45:00,Loc_10,-8.336954409581313,114.38856812090503,,53.0,45.51897383242062,Rainy,20.138314589659494,Collector
2024-01-01 04:00:00,Loc_10,-8.336954409581313,114.38856812090503,,49.0,,Rainy,,Collector
2024-01-01 04:15:00,Loc_10,-8.336954409581313,114.38856812090503,,87.0,40.71444856359346,Rainy,26.24347247460361,Local
2024-01-01 04:30:00,Loc_10,-8.336954409581313,114.38856812090503,65.19166705610155,10.0,35.74647362783097,Clear,30.54771202685059,Collector
2024-01-01 04:45:00,Loc_10,-8.336954409581313,114.38856812090503,,41.0,41.88148935894472,Cloudy,25.792454283781666,Collector
2024-01-01 05:00:00,Loc_10,-8.336954409581313,114.38856812090503,75.89952459612172,22.0,32.20648195682327,Cloudy,23.022701606425475,Collector
2024-01-01 05:15:00,Loc_10,-8.336954409581313,114.38856812090503,,93.0,,Cloudy,29.607237912101695,Arterial
2024-01-01 05:30:00,Loc_10,-8.336954409581313,114.38856812090503,61.6972903308288,68.0,,Cloudy,30.006792338381494,Local
2024-01-01 05:45:00,Loc_10,-8.336954409581313,114.38856812090503,,88.0,,Rainy,25.61213328604628,Collector
2024-01-01 06:00:00,Loc_10,-8.336954409581313,114.38856812090503,,91.0,,Rainy,23.27653250586593,Collector
2024-01-01 06:15:00,Loc_10,-8.336954409581313,114.38856812090503,23.023089432988456,55.0,27.536281159579904,Clear,20.620149253142344,Local
2024-01-01 06:30:00,Loc_10,-8.336954409581313,114.38856812090503,23.97805778305633,15.0,25.00903123421065,Cloudy,,Collector
2024-01-01 06:45:00,Loc_10,-8.336954409581313,114.38856812090503,,81.0,,Cloudy,30.843938099030577,Arterial
2024-01-01 07:00:00,Loc_10,-8.336954409581313,114.38856812090503,38.83401250778594,34.0,36.70531276560239,Clear,,Collector
2024-01-01 07:15:00,Loc_10,-8.336954409581313,114.38856812090503,,90.0,,Clear,28.078717645889107,Arterial
2024-01-01 07:30:00,Loc_10,-8.336954409581313,114.38856812090503,66.04160136236052,93.0,,Clear,,Local
2024-01-01 07:45:00,Loc_10,-8.336954409581313,114.38856812090503,23.35096799064051,,39.43343826400691,Cloudy,26.0597520589563,Arterial
2024-01-01 08:00:00,Loc_10,-8.336954409581313,114.38856812090503,71.04107880682803,,29.95632768008477,Cloudy,24.95057176692434,Collector
2024-01-01 08:15:00,Loc_10,-8.336954409581313,114.38856812090503,,46.0,,Cloudy,25.552416634687994,Collector
2024-01-01 08:30:00,Loc_10,-8.336954409581313,114.38856812090503,26.91865350127388,45.0,18.176952734845674,Cloudy,28.31982414922569,Local
2024-01-01 08:45:00,Loc_10,-8.336954409581313,114.38856812090503,51.46077679245714,14.0,,Rainy,22.247851114747377,Collector
2024-01-01 09:00:00,Loc_10,-8.336954409581313,114.38856812090503,,25.0,,Rainy,,Collector
2024-01-01 09:15:00,Loc_10,-8.336954409581313,114.38856812090503,54.80099415799458,90.0,16.093923521877297,Cloudy,23.601090954360714,Arterial
2024-01-01 09:30:00,Loc_10,-8.336954409581313,114.38856812090503,60.56268043622288,52.0,15.334289234742808,Cloudy,,Local
2024-01-01 09:45:00,Loc_10,-8.336954409581313,114.38856812090503,53.000158833835606,48.0,,Cloudy,29.92563102545861,Collector
2024-01-01 10:00:00,Loc_10,-8.336954409581313,114.38856812090503,57.82334931882791,49.0,31.359203426722082,Rainy,,Collector
2024-01-01 10:15:00,Loc_10,-8.336954409581313,114.38856812090503,51.60360187230892,58.0,46.20738446042788,Rainy,33.11949366624221,Local
2024-01-01 10:30:00,Loc_10,-8.336954409581313,114.38856812090503,75.43648119224997,,,Rainy,20.53980349379724,Collector
2024-01-01 10:45:00,Loc_10,-8.336954409581313,114.38856812090503,27.249347189498945,19.0,20.623106765547842,Rainy,28.41356043356593,Collector
2024-01-01 11:00:00,Loc_10,-8.336954409581313,114.38856812090503,28.206367034831224,16.0,35.109180811191656,Rainy,22.766730089263728,Arterial
2024-01-01 11:15:00,Loc_10,-8.336954409581313,114.38856812090503,,18.0,,Rainy,,Local
2024-01-01 11:30:00,Loc_10,-8.336954409581313,114.38856812090503,27.109270635557586,16.0,25.903468459520965,Cloudy,28.337086825304283,Arterial
2024-01-01 11:45:00,Loc_10,-8.336954409581313,114.38856812090503,37.89256406679093,34.0,47.46074484419712,Rainy,28.978182739503097,Collector
2024-01-01 12:00:00,Loc_10,-8.336954409581313,114.38856812090503,40.86786590514299,,,Cloudy,24.17596517572978,Local
2024-01-01 12:15:00,Loc_10,-8.336954409581313,114.38856812090503,59.274912856977686,31.0,,Clear,20.81454428594189,Arterial
2024-01-01 12:30:00,Loc_10,-8.336954409581313,114.38856812090503,36.01677096627146,46.0,44.90515036915304,Cloudy,23.114424332927243,Collector
2024-01-01 12:45:00,Loc_10,-8.336954409581313,114.38856812090503,,80.0,20.891379790964542,Rainy,27.618336615105058,Collector
2024-01-01 13:00:00,Loc_10,-8.336954409581313,114.38856812090503,76.3632256585162,78.0,27.131553514564217,Rainy,28.228557199346255,Collector
2024-01-01 13:15:00,Loc_10,-8.336954409581313,114.38856812090503,64.66104180739683,35.0,19.861526028743604,Cloudy,21.403297995271103,Collector
2024-01-01 13:30:00,Loc_10,-8.336954409581313,114.38856812090503,76.06404993101373,60.0,,Cloudy,,Local
2024-01-01 13:45:00,Loc_10,-8.336954409581313,114.38856812090503,38.74557690975921,,25.29911569409705,Rainy,31.376796059228468,Arterial
2024-01-01 14:00:00,Loc_10,-8.336954409581313,114.38856812090503,43.2343436370724,24.0,19.793901089395234,Rainy,22.44340481146972,Arterial
2024-01-01 14:15:00,Loc_10,-8.336954409581313,114.38856812090503,,86.0,,Clear,29.687467617665906,Arterial
2024-01-01 14:30:00,Loc_10,-8.336954409581313,114.38856812090503,38.396275182719194,25.0,27.671555419116117,Clear,21.36928230511124,Arterial
2024-01-01 14:45:00,Loc_10,-8.336954409581313,114.38856812090503,26.46188558710118,99.0,46.03783206939814,Clear,21.117557917041204,Collector
2024-01-01 15:00:00,Loc_10,-8.336954409581313,114.38856812090503,58.89488006017226,96.0,44.90969863134908,Cloudy,33.21264877683677,Arterial
2024-01-01 15:15:00,Loc_10,-8.336954409581313,114.38856812090503,26.66000339109611,,14.846818769505386,Clear,26.317615492943503,Local
2024-01-01 15:30:00,Loc_10,-8.336954409581313,114.38856812090503,72.39203700723672,87.0,27.826932063883785,Cloudy,,Local
2024-01-01 15:45:00,Loc_10,-8.336954409581313,114.38856812090503,63.59125193844895,34.0,13.267375105703989,Rainy,34.45557179030506,Arterial
2024-01-01 16:00:00,Loc_10,-8.336954409581313,114.38856812090503,77.945435488982,95.0,11.332628862300233,Cloudy,22.92588646609737,Arterial
2024-01-01 16:15:00,Loc_10,-8.336954409581313,114.38856812090503,74.32401643504286,,,Rainy,,Local
2024-01-01 16:30:00,Loc_10,-8.336954409581313,114.38856812090503,57.04481829711977,,,Clear,29.599662791470124,Arterial
2024-01-01 16:45:00,Loc_10,-8.336954409581313,114.38856812090503,46.63303084074079,30.0,41.95679437865629,Rainy,33.63106170359089,Local
2024-01-01 17:00:00,Loc_10,-8.336954409581313,114.38856812090503,34.00539238114716,11.0,36.76001500330484,Cloudy,20.704405564936593,Collector
2024-01-01 17:15:00,Loc_10,-8.336954409581313,114.38856812090503,72.3607019589395,40.0,11.914720977685134,Clear,30.916400840075106,Collector
2024-01-01 17:30:00,Loc_10,-8.336954409581313,114.38856812090503,25.523581059733495,,42.35474162539379,Clear,,Local
2024-01-01 17:45:00,Loc_10,-8.336954409581313,114.38856812090503,38.433398465525265,47.0,38.31293104872961,Rainy,,Arterial
2024-01-01 18:00:00,Loc_10,-8.336954409581313,114.38856812090503,38.478442660428186,43.0,44.750875178402495,Rainy,,Local
2024-01-01 18:15:00,Loc_10,-8.336954409581313,114.38856812090503,56.13879405408144,78.0,15.465218290558305,Cloudy,28.508179720083856,Arterial
2024-01-01 18:30:00,Loc_10,-8.336954409581313,114.38856812090503,,49.0,,Cloudy,30.93026144691403,Collector
2024-01-01 18:45:00,Loc_10,-8.336954409581313,114.38856812090503,26.501017919711224,98.0,30.062800127965144,Rainy,23.44493186223999,Arterial
2024-01-01 19:00:00,Loc_10,-8.336954409581313,114.38856812090503,67.52498132512768,99.0,37.213466309097065,Cloudy,34.415619531142816,Local
2024-01-01 19:15:00,Loc_10,-8.336954409581313,114.38856812090503,48.34928377537095,63.0,40.10363054217675,Cloudy,,Arterial
2024-01-01 19:30:00,Loc_10,-8.336954409581313,114.38856812090503,61.372475922898026,93.0,21.10593863426565,Cloudy,22.849870626516577,Arterial
2024-01-01 19:45:00,Loc_10,-8.336954409581313,114.38856812090503,78.36306230769804,,15.68768517845748,Cloudy,25.430662161543204,Arterial
2024-01-01 20:00:00,Loc_10,-8.336954409581313,114.38856812090503,65.2683293696367,29.0,28.350682066618656,Rainy,20.423617867985143,Arterial
2024-01-01 20:15:00,Loc_10,-8.336954409581313,114.38856812090503,28.11025217001688,36.0,,Clear,20.060432773046166,Collector
2024-01-01 20:30:00,Loc_10,-8.336954409581313,114.38856812090503,,,22.96475263817029,Rainy,21.32963096293878,Local
2024-01-01 20:45:00,Loc_10,-8.336954409581313,114.38856812090503,62.49327245829173,48.0,39.61122316257156,Rainy,,Local
2024-01-01 21:00:00,Loc_10,-8.336954409581313,114.38856812090503,79.7492230721738,36.0,40.06035455430073,Rainy,33.691283668564445,Local
2024-01-01 21:15:00,Loc_10,-8.336954409581313,114.38856812090503,61.756157681662934,,19.496527559811845,Rainy,23.242185749411043,Arterial
2024-01-01 21:30:00,Loc_10,-8.336954409581313,114.38856812090503,,59.0,21.26691422765367,Clear,27.21188659516573,Local
2024-01-01 21:45:00,Loc_10,-8.336954409581313,114.38856812090503,38.79606668057207,30.0,,Clear,23.248892468565884,Collector
2024-01-01 22:00:00,Loc_10,-8.336954409581313,114.38856812090503,57.44217571369266,69.0,42.39565745690048,Rainy,,Local
2024-01-01 22:15:00,Loc_10,-8.336954409581313,114.38856812090503,32.4207207368248,67.0,,Clear,32.72746124461625,Collector
2024-01-01 22:30:00,Loc_10,-8.336954409581313,114.38856812090503,34.4387615202169,41.0,32.68481162877884,Cloudy,27.864641067212432,Arterial
2024-01-01 22:45:00,Loc_10,-8.336954409581313,114.38856812090503,,34.0,13.241529991522833,Cloudy,,Collector
2024-01-01 23:00:00,Loc_10,-8.336954409581313,114.38856812090503,70.7978907939219,74.0,41.643595239763926,Cloudy,24.813308610993573,Local
2024-01-01 23:15:00,Loc_10,-8.336954409581313,114.38856812090503,,17.0,,Rainy,,Collector
2024-01-01 23:30:00,Loc_10,-8.336954409581313,114.38856812090503,63.2803495837808,,29.359806797657697,Clear,21.991258958580783,Collector
2024-01-01 23:45:00,Loc_10,-8.336954409581313,114.38856812090503,54.855502157607,47.0,,Rainy,,Arterial
2024-01-02 00:00:00,Loc_10,-8.336954409581313,114.38856812090503,,38.0,31.311010370129196,Rainy,23.073819850723993,Local
2024-01-02 00:15:00,Loc_10,-8.336954409581313,114.38856812090503,31.60146730497098,43.0,21.10950786330195,Rainy,25.795993305308283,Collector
2024-01-02 00:30:00,Loc_10,-8.336954409581313,114.38856812090503,74.64096761951912,12.0,,Cloudy,32.39603974211251,Collector
2024-01-02 00:45:00,Loc_10,-8.336954409581313,114.38856812090503,68.40331689284109,51.0,30.554539821668378,Rainy,33.52443448236566,Local
